set names utf8;
CREATE DATABASE /*!32312 IF NOT EXISTS*/`inxedu_marketing` /*!40100 DEFAULT CHARACTER SET utf8 */;

USE `inxedu_marketing`;

/*Table structure for table `edu_article` */

DROP TABLE IF EXISTS `edu_article`;

CREATE TABLE `edu_article` (
  `ARTICLE_ID` int(11) NOT NULL AUTO_INCREMENT COMMENT '文章ID',
  `TITLE` varchar(100) DEFAULT NULL COMMENT '文章标题',
  `SUMMARY` varchar(200) DEFAULT NULL COMMENT '文章摘要',
  `KEY_WORD` varchar(50) DEFAULT NULL COMMENT '文章关键字',
  `IMAGE_URL` varchar(100) DEFAULT NULL COMMENT '文章图片URL',
  `SOURCE` varchar(50) DEFAULT NULL COMMENT '文章来源',
  `AUTHOR` varchar(10) DEFAULT NULL COMMENT '文章作者',
  `CREATE_TIME` timestamp NULL DEFAULT NULL COMMENT '文章创建时间',
  `PUBLISH_TIME` timestamp NULL DEFAULT NULL COMMENT '文章发布时间',
  `PUBLISH_STATE` tinyint(1) DEFAULT '0' COMMENT '文章发布状态 1未发布 2已发布',
  `LINK` varchar(100) DEFAULT NULL COMMENT '文章访问链接',
  `ARTICLE_TYPE` tinyint(4) DEFAULT '0' COMMENT '文章类型 2文章',
  `CLICK_NUM` int(11) DEFAULT '0' COMMENT '文章点击量',
  `PRAISE_COUNT` int(11) DEFAULT '0' COMMENT '点赞数量',
  `COMMENT_NUM` int(11) DEFAULT '0' COMMENT '评论数',
  `SORT` int(11) DEFAULT '0' COMMENT '排序值',
  `COLUMN_ID` int(11) DEFAULT NULL COMMENT '栏目ID',
  PRIMARY KEY (`ARTICLE_ID`)
) ENGINE=InnoDB AUTO_INCREMENT=27 DEFAULT CHARSET=utf8 COMMENT='文章信息表';

/*Data for the table `edu_article` */

insert  into `edu_article`(`ARTICLE_ID`,`TITLE`,`SUMMARY`,`KEY_WORD`,`IMAGE_URL`,`SOURCE`,`AUTHOR`,`CREATE_TIME`,`PUBLISH_TIME`,`PUBLISH_STATE`,`LINK`,`ARTICLE_TYPE`,`CLICK_NUM`,`PRAISE_COUNT`,`COMMENT_NUM`,`SORT`,`COLUMN_ID`) values (7,'中国首款学习习近平重要讲话APP上线','“学习中国”APP得到了国家互联网信息办公室的支持与指导。','学习中国,学习习近平','/images/upload/article/20161124/1479957884001.jpg','inxedu','lmxxxaa','2015-03-24 01:13:37','2015-09-09 10:08:03',2,'/15/03/25/1427247760573.html',2,91,1,0,0,NULL),(9,'嘲讽陈年是很容易的事，但我更愿意祝他成功','嘲讽陈年是很容易的事，但我更愿意祝他成功','嘲讽,陈年','/images/upload/article/20161124/1479957896081.jpg','inxedu','lmxxxaa','2015-03-24 01:13:57','2015-09-09 10:08:03',2,'/15/03/25/1427247760575.html',2,16,0,0,0,NULL),(11,'陈年重回T恤大战：凡客归来','凡客之路，兴于衬衫，成于T恤。2015年的春夏之交，凡客再次发布了自己的T恤，种种迹象表明，陈年与他的凡客，这一次要，归来。凡客能否重温2011年的T恤辉煌？','凡客归来,T恤大战','/images/upload/article/20161124/1479957913686.jpg','inxedu','lmxxxaa','2015-03-24 01:14:16','2015-09-09 10:08:03',2,'/15/03/25/1427247760577.html',2,18,1,0,0,NULL),(13,'法国总理证实失事客机无人生还','据美国《华盛顿邮报》3月24日报道，法国总理瓦尔斯称，一架直升机已尝试降落在坠毁地点附近，并未发现失事客机上有生还者','失事客机,证实失事','/images/upload/article/20161124/1479957923855.jpg','inxedu','lmxxxaa','2015-03-24 17:42:40','2015-09-09 10:08:03',2,'/15/03/25/1427247760579.html',2,11,1,0,0,NULL),(14,'背水一战的任天堂','面对所处的窘境，固执的任天堂也低下了他那傲娇的头，而如今啪啪啪打脸般的迈出了这一步，其实他也是被逼无奈的，或者说岩田聪已经没有什么更好的办法扭转颓势了','任天堂,背水一战','/images/upload/article/20161124/1479957932165.jpg','inxedu','lmxxxaa','2015-03-24 18:11:33','2015-09-09 10:08:03',2,'/15/03/25/1427249493862.html',2,23,2,0,0,NULL),(15,'渠道之殇：三星手机中国没落背后','渠道之殇：三星手机中国没落背后','渠道之殇：三星手机中国没落背后','/images/upload/article/20161124/1479957942831.jpg','inxedu','lmxxxaa','2015-04-02 21:47:31','2015-09-09 10:08:03',2,'/15/04/03/1428040051758.html',2,21,1,0,0,NULL),(17,'中国军舰协助英、德等10国从也门撤侨225人','中国军舰协助英、德等10国从也门撤侨225人','中国军舰协助英、德等10国从也门撤侨225人','/images/upload/article/20161124/1479957953282.jpg','inxedu','lmxxxaa','2015-04-02 21:48:42','2015-09-09 10:08:03',2,'/15/04/03/1428040122133.html',2,79,2,1,0,NULL),(20,'MBA过来人亲述：联考英语复习经验','　在各门科目之中，有两门课程是拉分最多的，一门是数学，一门是英语。其中英语是在多数考生最大的拦路虎，因为工作多年的人，如果工作中不常接触，英语的底子多是很差的。而英语是很难突击上去的，靠临时“抱佛脚”很难奏效。我英语基础较差，但经过自己有计划、有重点的系统复习，年MBA[微博]联考中，英语过了70分这道槛，取得了较为满意的结果，感到甚是欣慰。',NULL,'/images/upload/article/20161124/1479957875060.jpg','inxedu资讯在线','皱眉的人','2015-09-09 17:27:48','2015-09-10 00:00:00',2,NULL,2,36,0,0,0,NULL),(21,'美国教授：求知是为了看世界 不是让世界看你','美国教授：求知是为了看世界 不是让世界看你',NULL,'/images/upload/article/20161124/1479957866277.jpeg','inxedu','inxedu','2015-09-28 15:04:54','2015-09-28 15:04:20',2,NULL,2,5,0,0,0,NULL),(22,'哈佛商学院院长：21世纪人人都需要创业精神','哈佛商学院院长：21世纪人人都需要创业精神',NULL,'/images/upload/article/20161124/1479979684004.jpg','inxedu','inxedu','2015-09-28 15:08:42','2015-09-28 15:08:14',2,NULL,2,37,1,0,0,NULL),(23,'雅思阅读能力提高有方法 文章精读可以这样做','雅思阅读能力提高有方法 文章精读可以这样做',NULL,'/images/upload/article/20161124/1479957793512.jpg','inxedu','inxedu','2015-09-28 15:11:37','2015-09-28 15:10:51',2,NULL,2,746,3,0,300,NULL),(26,'关注·底层教育梦：先天不足 后天亏损？','关注·底层教育梦：先天不足 后天亏损？',NULL,'/images/upload/article/20161124/1479957813630.jpg','inxedu','inxedu','2015-09-28 16:12:59','2015-09-28 16:12:54',2,NULL,2,41,1,0,0,NULL);

/*Table structure for table `edu_article_content` */

DROP TABLE IF EXISTS `edu_article_content`;

CREATE TABLE `edu_article_content` (
  `ARTICLE_ID` int(11) DEFAULT '0' COMMENT '文章ID',
  `CONTENT` text COMMENT '文章内容'
) ENGINE=InnoDB DEFAULT CHARSET=utf8 COMMENT='文章内容表';

/*Data for the table `edu_article_content` */

insert  into `edu_article_content`(`ARTICLE_ID`,`CONTENT`) values (7,'<p>\r\n	“学习中国”APP界面。\r\n</p>\r\n<p>\r\n	记者2日获悉，中共最高学府中央党校已研发推出一款“学习中国”APP，网民可利用手机和平板电脑方便地学习查阅中共中央总书记习近平的系列重要讲话和相关著作。\r\n</p>\r\n<p>\r\n	这款应用由中央党校图书馆、数字图书馆和中国干部学习网推出，包括新闻、实景地图、微课程、知识地图、“习大大”词条、专家解读、评论精选、电子书、理论文章、重点论述、“习大大”故事汇和引用诗文等12个版块，使网民通过指尖即可学习习近平同志系列重要讲话精神。\r\n</p>\r\n<p>\r\n	中央党校中国干部学习网常务副总编陈建才在2日举行的情况介绍会上说，“学习中国”APP已上线各大应用商城，希望借助移动互联网技术把中国特色社会主义理论以网民喜爱的方式呈现出来，激发民众的理论学习热情，增强全民族的理论自信。\r\n</p>\r\n<p>\r\n	据悉，这款应用的一大创新是“实景地图”和“知识地图”。读者可在移动客户端随时了解习近平总书记在何时、何地讲话，及时学习讲话内容。这些讲话和相关知识还被做成动态思维逻辑图，既方便网民理解讲话要领，又方便记忆。\r\n</p>\r\n<p>\r\n	读者可在这款APP上免费阅读习近平的多本著作，如《摆脱贫困》《之江新语》《习近平谈治国理政》等。中央党校优质的专家资源也通过APP转化为理论文章和权威讲解，直接为网民的理论学习提供服务。\r\n</p>\r\n<p>\r\n	“学习中国”APP得到了国家互联网信息办公室的支持与指导。据悉，这款应用还将陆续推出动漫视频和更多注重体验式学习的3D教室等更多服务版块，使中共理论更有效地走入寻常百姓家。(记者 李志晖)\r\n</p>'),(9,'<div class=\"blog_content\" style=\"word-break:break-all;width:638px;\">\r\n	<p class=\"MsoNormal\">\r\n		陈年将凡客2015的春夏新品发布会放在了五棵松——这个开演唱会的地方继798之后成了互联网公司的新宠，两个星期后，乐视的手机和新电视也要在这里发布。\r\n	</p>\r\n	<p class=\"MsoNormal\">\r\n		凡客发布会的开场让人仿佛穿越到了去年的8月，只不过那时陈年说的是衬衫，而这次是T恤，然后又是穿山越岭，飞过重洋遍寻供应商和设计师打造优质T恤的故\r\n事。陈年普及了做T恤的一些基本知识以及T恤衫的痛点，而他要做的是改善用户体验。这里涉及5个日本公司和6个中国公司以及1个美国公司的故事。\r\n	</p>\r\n	<p class=\"MsoNormal\">\r\n		于是，陈年很快被调侃了。某IT老记在朋友圈说他“邯郸学步学小米，干脆卖给小米做纪念品算了”。\r\n	</p>\r\n	<p class=\"MsoNormal\">\r\n		小米的雷军，也是凡客的投资人之一就在现场，第一排，最中间的位置。我拍了雷军的后脑勺。\r\n	</p>\r\n	<p class=\"MsoNormal\">\r\n		这时候陈年正在说他“只想做好一件T恤”，一件“可以穿30年、白T恤不会发黄、黑T恤不会发红”的“T恤”。他说到2014年的自己“心慌意乱”，一心要做减法，只想做黑T恤，因为他和雷军都只穿黑T恤。\r\n	</p>\r\n	<p class=\"MsoNormal\">\r\n		这是大家都很熟悉的陈年，一个不介意暴露自己的软肋、被调侃为“总在反思”的人。\r\n	</p>\r\n	<p class=\"MsoNormal\">\r\n		然后他批评中国的设计师只知道把阿玛尼、普拉达的新品拿来给老板选，完全没有任何技术含量。联系到去年凡客的衬衫发布会后被时尚圈狂踩的局面，我估计今年凡客和陈年会被骂得更惨。\r\n	</p>\r\n	<p class=\"MsoNormal\">\r\n		陈年对此有心理准备，他说肯定会有很多人说凡客做的不过是基本功，根本不懂时尚。但“基本功对于中国恰恰是最重要的”。\r\n	</p>\r\n	<p class=\"MsoNormal\">\r\n		踩完了中国设计师，他说“还好我们有日本设计师”。他用了一批日本的设计师，从T恤的版型设计到印花T恤上的各种图案，基本全由日本设计师包办，只有一个系列图案的设计师来自中国。\r\n	</p>\r\n	<p class=\"MsoNormal\">\r\n		这是整个发布会里我最喜欢的环节，这一次陈年把自己的文艺范做到了产品里。每个T恤图案的设计师都被隆而重之地推出，画猫跳广场舞的顾湘；说“愤怒时会画\r\n下一条线和……”的长场雄；会放电的萌系少年德田有希，他画的其中一幅画说“我听到了眼泪滴下的声音，其实只是放了一个屁”；还有从星际穿越获取灵感试图\r\n画出五维空间的Yoshirotten，他说“地球已经无法满足我的想象”。\r\n	</p>\r\n	<p class=\"MsoNormal\">\r\n		陈年把他们称为艺术家。他再次反省自己说，“过去15年来我更关心主流、共性，想把人扁平化”，但现在从艺术家的身上体会到独特的灵魂才最可贵，甚至他们的“神经病”也是独特的一部分，“世界万物值得留恋，因其参差多样”。\r\n	</p>\r\n	<p class=\"MsoNormal\">\r\n		凡客的猫和这些设计师是非常聪明的选择，让我又一次感到凡客正在给自己的品牌注入新的能量，更多样的，更亚次元的，更年轻，更萌酷的东西。\r\n	</p>\r\n	<p class=\"MsoNormal\">\r\n		发布会的最后，陈年说，五棵松是他到北京后落脚的第一个地方，当年租的农家院就在离万事达中心不远的地方。他想起了当年和朋友们的共同理想，就是做一点真正好的东西出来。在经历了这么多年的起起落落之后，他希望自己“不要因为走得太远而忘记为什么出发”。\r\n	</p>\r\n	<p class=\"MsoNormal\">\r\n		从第一次见陈年，就能感到他身上的文人气。这一点让他显得不那么像一个典型的商人，他的改不了的文艺腔、爱抒情爱反省的毛病让他在凡客如日中天时备受追捧，到凡客走下坡路时又屡遭嘲讽。\r\n	</p>\r\n	<p class=\"MsoNormal\">\r\n		嘲讽陈年是一件容易的事，但我更愿意祝他成功，因为陈年这个人，也因为凡客是一家有故事有情怀一直在努力做事的企业。有的企业不错，但是无趣，比如三星。\r\n而凡客是那种让人想起来总有点感触的企业。说到凡客时，我的一个同事的问题是：它还活着吗？已经被市场遗忘了吧？在淘宝、京东们，甚至后来的聚美优品、唯\r\n品会客流如织的时候，很少有人记得陈年曾经是中国最早的电商拓荒者之一，今年也已是凡客的第8个年头。连它模仿的美国PPG都已经死了，凡客还活着，虽然\r\n活得不那么光鲜。如果它如雷军所说“三五年又王者归来”，这会是一个很励志的故事，让人觉得生意场上也不都是尔虞我诈翻脸无情，也有百折不挠百炼成钢这种\r\n事。\r\n	</p>\r\n	<p class=\"MsoNormal\">\r\n		陈年做电商是2000年和雷军一起做卓越网开始的，那时卖的是书和音像制品，后来卓越网卖给了亚马逊，陈年几经周折在2007年创办了凡客。我第一次看到\r\n凡客的标志性大盒子，是由办公室里最文艺范的海丽下的单。那时在网上买衣服还是一件很新很酷的事，主要由城市里的小资们引领风潮。所以凡客最早的用户是北\r\n京上海的小资一族。\r\n	</p>\r\n	<p class=\"MsoNormal\">\r\n		那时候的凡客只卖最简单款式的T恤、Polo衫和衬衣，以男款为主，质地很好，价格也真的很便宜。没有广告，完全靠口碑传播，凡客就这样一点点做了起来。我在海丽的带动下成了凡客的用户，每年断断续续会在凡客上下几单，都是最实用的T恤袜子之类。\r\n	</p>\r\n	<p class=\"MsoNormal\">\r\n		再然后，凡客体风靡一时，凡客转眼间成了陈年口中的“平民时尚”，满大街都是韩寒穿着凡客T恤的广告，各大论坛上都是网友们戏谑的各种“凡客体”。凡客上卖的东西越来越多，越来越杂。小资们慢慢不屑于再穿凡客，但便宜加酷的形象使凡客成了大学生们的最爱。\r\n	</p>\r\n	<p class=\"MsoNormal\">\r\n		这是2010年。媒体追着陈年要采访，追着他问凡客什么时候上市。而陈年和凡客一门心思想的是再放个“炸弹”，再来个“爆款”。可是风光转眼即逝，凡客最\r\n风光的时候正是中国概念股在美国最不受待见的时候，或许是一念之差，或许是一步之差，凡客没有上市，转过年来就是电商的冬天。当陈年还在批评京东扩张越快\r\n亏得越狠的时候，2011年4月，京东拿到了C轮融资的15亿美元，再接着2013年拿到了D轮融资的7亿美元。一直到上市，京东还没有盈利，但在自营电\r\n商的模式里，它成了跑得最快的那个。\r\n	</p>\r\n	<p class=\"MsoNormal\">\r\n		做企业有时就是这样，拼的是一口气。如果和京东拼速度的时候，陈年胆子再大一点，吹得猛一点，撒钱再勇敢一点，也许凡客现在是另一个模式。可是陈年过不去\r\n自己这一关，他身上的文人气让他在和刘强东这样的悍将较量时落了下风。到后来媒体开始质疑凡客库存的时候，他或者避而不谈，或者气急之下口不择言。\r\n	</p>\r\n	<p class=\"MsoNormal\">\r\n		在疯狂扩张和随后的清库存中，凡客不知不觉间沦落成了地摊货。它和淘宝、京东很快就不再是一个层面的对手了，再然后，它的对手变成了传统的服装企业。\r\n	</p>\r\n	<p class=\"MsoNormal\">\r\n		掉到了制造业的坑里在某些人看来是悲剧，但陈年毕竟是陈年。这一次他和雷军给凡客的新定位是做一件小事，从做好一件衬衫一件T恤开始，向日本和德国企业学习，让中国人用上真正好的东西。现在这是一件小事，但是做好了未来也许是颠覆传统服装制造业的大事。\r\n	</p>\r\n	<p class=\"MsoNormal\">\r\n		这的确是小米模式在服装业的一个翻版。陈年转了一大圈，又回到了起点，不过，现在刚好可以搭上互联网+的新概念。对于自称“凑过热闹也热闹过的”陈年，这或许不那么重要了，重要的是用户还会不会认可凡客，凡客还能不能活下去。\r\n	</p>\r\n	<p class=\"MsoNormal\">\r\n		凡客未来要靠产品活下去。和手机一样，服装业最大的问题一直是品牌和库存。很多企业都倒在库存问题上，比如李宁。凡客在疯狂扩张的那几年后也栽在库存上，所以凡客要活下去，我最想知道的是凡客怎么来控制库存。\r\n	</p>\r\n	<p class=\"MsoNormal\">\r\n		做品牌营销向来是陈年的长项，陈年也一直很会卖东西，他总能赋予他卖的东西很大的内涵，仿佛他卖的不是一件T恤，而是一种文化，甚至一个民族的未来。这是凡客至今仍然拥有一群粉丝的原因，也是像我这样的人对凡客总心有戚戚的原因。\r\n	</p>\r\n	<p class=\"MsoNormal\">\r\n		凡客一直卖得都不错。凡客没有拼过淘宝，也没拼过京东，耽误陈年的并不是文艺腔和情怀，而是对于企业战略和执行力的一种掌控。未来陈年需要证明的是自己不仅会卖东西，还会管理企业，更重要的是有踩得准市场的远见。\r\n	</p>\r\n	<p class=\"MsoNormal\">\r\n		 一个像陈年这样的元老级的电商人物有勇气从头再来，无论如何都值得尊敬。套用陈年的话说，世间万物贵在参差百态，企业亦如是。每个企业都有自己擅长的套路和打法，活下来不容易，活得好更难，活得久就难上就难。\r\n	</p>\r\n	<p class=\"MsoNormal\">\r\n		在来发布会的路上，我的一个同事遇到了一个凡客的用户，他从高中就开始买凡客，现在脚上还蹬着一双凡客的帆布鞋。凡客再难，也已经第8个年头了。我衷心希\r\n望凡客活下去，而且活得好。在第9个年头的时候，再拿出一件新的既融合他的文艺腔，又能博得尊重和买单的产品——毕竟，已经越来越接近制造企业角色的凡\r\n客，要靠产品说话，靠销量活下去。\r\n	</p>\r\n</div>'),(11,'<p class=\"text\">\r\n	凡客2015年春夏新品发布会，选择4月1日愚人节这天，日子是陈年定的，他说，做好的服装，需要愚公精神，匠者，匠心，简而言之，下功夫，下笨功夫。\r\n</p>\r\n<p class=\"text\">\r\n	古话说，大智若愚。这是经典，永远时髦的禅语。\r\n</p>\r\n<p class=\"text\">\r\n	互联网+”的风口，自然凭风好借力，但凡客终究是个服装品牌，有产品，需匠心，自然也就需要笨功夫。选择愚人节发布新产品，愚己悦人，既是自嘲，亦是自勉。\r\n</p>\r\n<p class=\"text\">\r\n	从2014年发布的300支衬衫、吉国武款衬衫开始，凡客重新回到创业的起点：7年之痒，凡客2007年的创业始于衬衫，2014年的再创业，重新出征，还是始于衬衫。\r\n</p>\r\n<p class=\"text\">\r\n	今天的发布会，似乎又是一个轮回，有另一番隐喻：通过T恤，凡客试图重新回到舞台中央。\r\n</p>'),(13,'【环球网综合报道】德国汉莎航空公司旗下的德国之翼(Germanwings)一架A320客机，3月24日从巴塞罗那飞往杜塞尔多夫途中，在法国南部阿尔卑斯山脉坠机。<br />\r\n<br />\r\n据美国《华盛顿邮报》3月24日报道，法国总理瓦尔斯称，一架直升机已尝试降落在坠毁地点附近，并未发现失事客机上有生还者。(实习编译：苏俏英 审稿：谭利娅)'),(14,'<p class=\"text\">\r\n	3月17日，任天堂与合作方DENA召开共同记者会，宣布两家将进行合作，将任天堂的经典游戏与人物形象带到手机上。\r\nDeNA表示，已经获得了任天堂全部人物的IP授权，并在未来与任天堂共同开发移动设备上的游戏，这意味着不仅仅是将掌机上的游戏移植到移动平台上来，而\r\n是有着更多周边、衍生、甚至全新的游戏出现，任天堂社长岩田聪也在发布会上确认了这一点。两家公司将于今年晚些时候为旗下游戏产品推出一个在线会员服务平\r\n台，移动端、任天堂游戏机3DS用户、任天堂掌机、WiiU用户均可享受该平台服务。\r\n</p>\r\n<p class=\"text\">\r\n	通过220亿日元的资产互换以后，任天堂一跃成为DeNA的第二大股东，而DeNA也成为任天堂的前十位股东之一，可见双方并非是简单的利用资源与合作而已。\r\n</p>\r\n<p class=\"text\">\r\n	任天堂社长岩田聪此次发布会透露了很多日后与\r\nDeNA的合作情况，其中不仅包括新的全平台会员服务，还有旗下IP手游的关键性内容。发布会上可以很明显的得知，日后DeNA将成为任天堂在手游平台的\r\n合作伙伴，获得授权的范围将涉及任天堂的所有游戏，并且不会移植现有的家用机和掌机平台游戏，而是经过精心开发的完全新作。\r\n</p>\r\n<p class=\"text\">\r\n	<strong>说好不做手游的呢</strong>\r\n</p>\r\n<p class=\"text\">\r\n	任天堂社长岩田聪曾多次公开表示坚决不做手游，而从此次其自打脸的行为可以看出，任天堂也是被逼无奈。\r\n</p>\r\n<p class=\"text\">\r\n	根据任天堂发布的2015财年第一财季财报显示，由于WIiU和3DS视频游戏机等业务营收疲软，任天堂第一财季净亏损99.2亿日元，而去年同期则是盈利86.2亿日元。\r\n</p>\r\n<p class=\"text\">\r\n	其实从2011年开始，任天堂就开始出现财政赤字，\r\n并且到2014年，财政赤字逐年扩大。而任天堂掌机3DS的销量有惊人下降，在2013财年任天堂售出1224万3DS游戏机，与2012财年相比下跌\r\n12%，而2014年第一季度任天堂售出82万台3DS游戏机，较去年同期下跌40%，可见其销售状况每况愈下。相比上代掌机DS发售头三年都是呈现逐年\r\n增加的趋势，而3DS则相反，发售三年呈逐年下降状态。\r\n</p>\r\n<p class=\"text\">\r\n	此前任天堂公开表明坚决不做手游，从当时的环境来看\r\n原因有两点，其一，手游与任天堂自家的掌机相类似，发展手游势必会与掌机相冲突，其二任天堂的掌机中除了自家游戏之外，还有不少第三方优秀的作品出现，如\r\n果手游影响了掌机的销售，那么会直接影响第三方作品的产出，陷入可怕的恶性循环。另外一方面任天堂对手游运营完全没有经验，不会宣传也不会卖钱，不知道进\r\n入这个市场能得到多少好处。\r\n</p>\r\n<p class=\"text\">\r\n	随着近些年智能手机时代的到来，掌机也逐渐被智能手\r\n机所取代，大屏幕触摸式的操作兼容电话和短信服务，让掌机陷入了尴尬。加上手游井喷式的爆发，人们玩掌游的习惯逐渐被取代，而掌机逐渐无人问津。任天堂掌\r\n机NDS的直接竞争对手索尼的PSP，已在2014年年末停止销售，就是一个最好的例子。\r\n</p>\r\n<p class=\"text\">\r\n	反观其游戏主机WiiU，根据游戏数据统计机构VGChartz发布的销量数据来看，截止今年2月15日，其竞争对手索尼的PS4销量已超过2000万台，而任天堂的WiiU销量则不足1000万台，并且与微软的XBOX销量之间也有超过300万台的差距。\r\n</p>\r\n<p class=\"text\">\r\n	面对所处的窘境，固执的任天堂也低下了他那傲娇的头，而如今啪啪啪打脸般的迈出了这一步，其实他也是被逼无奈的，或者说岩田聪已经没有什么更好的办法扭转颓势了。\r\n</p>\r\n<p class=\"text\">\r\n	<strong>任天堂的野心</strong>\r\n</p>\r\n<p class=\"text\">\r\n	虽说近些年在游戏设备上的销量不佳，但任天堂毕竟是地球上三大游戏主机制造商之一，手里有着若干经典游戏的IP资源，而此时任天堂将要把这些品牌和人物授权拿出来做成手游，恐怕会引起一场智能平台游戏格局颠覆性的改变。\r\n</p>\r\n<p class=\"text\">\r\n	与任天堂合作的DeNA是日本东京的网络服务公司，\r\n旗下运营的移动游戏平台Mobage在日本有大约2700万用户，2011年也正式进入了中国，与91门户合作进行推广。Mobage十分擅长开发运营以\r\n动漫IP为基础的游戏，比如在中国的官网中可以看到正版授权的《海贼王》、《变形金刚》、《灌篮高手》等游戏。\r\n</p>\r\n<p class=\"text\">\r\n	在这个IP为王的手游时代，任天堂手中的马里奥，口\r\n袋妖怪，塞尔达传说，银河战士，大金刚，皮卡丘等等IP资源足以去抢占手机用户的眼球，加上其强大的掌机游戏的研发实力，再搭配以DeNA成熟的手游平台\r\n经验，以目前进驻手游市场的厂商们，无论从游戏素质还是研发实力或者是品牌号召力，恐怕都没办法和这两个业界大佬的双剑合璧相较。\r\n</p>\r\n<p class=\"text\">\r\n	任天堂在全球粉丝众多，正因如此，在手游市场上，山\r\n寨任天堂的游戏数不胜数，比如手游《莫尼诺拯救总动员》和《Lep\'sWorld》就是仿照任天堂的《超级玛丽》，甚至关卡和操作方式完全保持了“超级玛\r\n丽”的风格，而此次任天堂进军手游对于那些山寨其游戏的商家来说无疑是噩耗，山寨产品必定会受到打击，而正版产品的推出，经典的回归，任天堂的忠实粉丝自\r\n然会成为他的用户，因为在他们心中无疑是早到了归属感。\r\n</p>\r\n<p class=\"text\">\r\n	而通过将经典搬到手游上，也能够吸引、培养和教育一\r\n批新的玩家，因为，在任天堂最辉煌的十来年中，他的用户群体实际上是断层的，任天堂的粉丝们大多是玩任天堂长大的，他们或许是任天堂现在消费的主力，但绝\r\n对不是现在游戏界的消费主力，而是更年轻的一批玩家，他们或许没经历过红白机时代，在他们的心中，任天堂对于其而言只不过是个游戏机公司，仅此而已。而任\r\n天堂将经典游戏搬到手游上，有利于培养和教育这批在任天堂游戏文化中断层的、年轻的一批用户，让他们对任天堂的游戏文化有了进一步的认识，毕竟他们才是当\r\n今和未来游戏界的消费主力。\r\n</p>\r\n<p class=\"text\">\r\n	换个角度来看，任天堂进军手游能够刺激其自身销量极差的游戏主机业务的增长，试想一下，如果在手机上出点缩水版阉割版的游戏，或多或少能吸引玩家去买完整版。\r\n</p>\r\n<p class=\"text\">\r\n	而这一点从任天堂推出“NX”计划就可以看出。\r\n</p>\r\n<p class=\"text\">\r\n	在与DENA合作的发布会上，任天堂公布了将在2016年推出新机及全新平台，代号“NX”。\r\n</p>\r\n<p class=\"text\">\r\n	其实早在几年前，岩田聪就坦言表示，自己很喜欢苹果\r\n那种由iPhone、iPad、Mac构建的生态圈，而这或许也是任天堂选择与有成功社区运作经验的DeNA合作的关键原因。DeNA最大的优势无疑是网\r\n络服务与运营技术，显然任天堂此时想借助DENA之手，通过NX搭建一个崭新的，包容NX、智能手机、3DS和WiiU在内的一体化平台。\r\n</p>\r\n<p class=\"text\">\r\n	目前，任天堂仅仅也就透露了多平台共享账号的解决方案，但反观VALE，暴雪，EA这些游戏研发商，他们都很早这么做了，而任天堂只是做了他应该做的事。不管怎么说，NX在今后将会成为任天堂战略中一个极为重要的角色，这点事毋庸置疑的。\r\n</p>\r\n<p class=\"text\">\r\n	其实坚持不做手游是态度是作为主机制造商的傲骨，但在操作上，任天堂仍然可以将手游中的精华拿出来为己所用。任天堂和手游，或许并不是两个完全不来电的词。\r\n</p>'),(15,'<p class=\"text\">\r\n	在过去的2014年，在苹果手机大屏化和中国“高性价比军团”崛起的背景下，三星电子的手机业务已经步入窘境。日前，有\r\n国外分析师明确表示，三星电子正在成为下一个黑莓和诺基亚。尤其是在中国市场，三星已经痛失中国智能手机市场第一的宝座，究竟原因，作为手机营销最重要的\r\n渠道无疑是主要原因之一，而更引起业内思考的是，是渠道背后隐藏的三星在手机产品创新及产业链优势的丧失。 \r\n</p>\r\n<p class=\"text\">\r\n	实际上，三星手机在中国市场的疲态在2014年第二季度就已经显现。2014年2月三星发布了其旗舰机GalaxyS5，但这款手机即使在渠道大力拉动下却并未取得预期的市场效果，而这种状况在三季度开始恶化。 \r\n</p>\r\n<p class=\"text\">\r\n	事实上，从我个人分析，三星GalaxyS5除了在\r\n产品上缺乏创新之外，发布时机也明显有问题，那就是从2月份MWC曝光，到4月份正式发布并陆续在全球开始上市。但这个时候，iphone6尤其是大屏的\r\niphone6plus的曝光度越来越强，很多用户在看了GalaxyS5之后，没有感到特别的惊艳，因此更希望看到苹果发布iphone6及\r\niphone6 \r\nplus之后才决定购买那部机器。因此，铺到运营商及渠道的机器很大部分都成了库存。后续的结果大家都很清楚，苹果完胜。三星本希望用GalaxyS5力\r\n挽狂澜，因此投入了巨大的营销费用，但没有获得应有的回报。反观作为挑战者华为的MATE7，不仅有溢价，至今仍然一机难求，可以说比GalaxyS5晚\r\n发的iphone6/6plus及MATE7成功的将GalaxyS5在中国市场给绞杀了。 \r\n</p>\r\n<p class=\"text\">\r\n	因此，整个三星渠道体系从2014年第三季度开始一直处于清库存的状态，有三星渠道商反馈，2014年下半年三星高端机销量只有2013年同期的1/2到1/3，渠道商已经不敢从三星拿货，原因很简单，三星手机已经不是热门的畅销品牌。 \r\n</p>\r\n<p class=\"text\">\r\n	其实，三星早已因压货问题引起了渠道商不满，其中苏\r\n宁等大零售商受到的影响最为严重，且有一些大渠道商因此拒绝继续进货。与此同时，为了冲业绩，三星对渠道的价格控制也出现了问题，这主要体现在三星对二级\r\n渠道管理力度不够，造成各个垂直渠道之间的利益冲突。销量好的时候冲突并不明显，现在三星手机全球销量下滑，问题就被放大。据称，三星某代理商，几年前鼎\r\n盛时期三星销量占到其总销量的30%，而现在充其量在15%左右。 \r\n</p>\r\n<p class=\"text\">\r\n	另据相关统计，从渠道实际出货量看，三星的下滑幅度\r\n比想象中还要严重。渠道的出货量几乎每个月都在往下走，2014年10月三星的出货量总共160多万台，2013年同期三星的出货量是800多万台。到了\r\n2014年11月，三星的出货量是120万台。相比之下，三星手机出货最高的时候，其在中国的市场份额能够达到28%—30%，下滑到现在，市场份额仅在\r\n10%左右。 \r\n</p>\r\n<p class=\"text\">\r\n	面对三星之前一直赖以生存的渠道过去一年的销售业绩\r\n的下滑及今年依然存在的压力，渠道商希望三星能在电商渠道上授权，在京东、天猫等平台上发力。不过，相比小米、联想、华为，三星此前更多是靠传统的广告营\r\n销模式来支撑品牌和市场，在互联网和电商领域，中国本土公司显然更有优势和经验。不过，据说三星已经计划效仿小米，希望在印度等市场也开始依托电商渠道进\r\n行销售。但对于三星这样大的公司而言，要想转变传统营销思维并不是一件容易的事。 \r\n</p>\r\n<p class=\"text\">\r\n	与三星的渠道之殇相比，国内手机厂商的渠道策略则更\r\n加多样化和灵活。目前国内公开渠道、运营商渠道、线上渠道基本维持比例为40%、40%、20%。由于运营商减少手机补贴，运营商渠道影响力有所减弱，传\r\n统手机分销商话语权也在减弱，而电商渠道的占比则不断提升。与此同时，手机厂商开展的线上线下营销协同体系建设正成为终端销售渠道转型的重点。预计\r\n2016年，三大渠道基本会三分天下。由此不难看出国产手机厂商在不断调整他们的渠道布局。 \r\n</p>\r\n<p class=\"text\">\r\n	例如将三星作为主要竞争对手的华为，2014年华为\r\n终端公开渠道的收入占比大幅上升，公开渠道（含电商）在手机销售收入中占比达到41%。其中，荣耀超2000万部的销量中电商平台占到了70%的份额。值\r\n得一提的是，在渠道的策略上，荣耀正在发生一些变化。尽管电商平台是荣耀的主要阵地，但对于线下渠道庞大的出量和市场，荣耀计划实施同步并举。 \r\n</p>\r\n<p class=\"text\">\r\n	据了解，华为终端正在计划成立一个新的操盘平台，即\r\n荣耀和华为终端将在前段进行销售整合，以往两者在全国的销售平台各自独立，华为终端聚焦线下渠道，荣耀聚焦电商平台。而在华为终端之前的双品牌策略下，华\r\n为终端的产品售卖主要通过线下销售，包括运营商定制、传统国代商等，并不接入荣耀的产品；而荣耀则集中在电商渠道出货，也不售卖华为终端的其他产品系列。\r\n简单而言，华为终端依然是华为终端，荣耀也还是其独立手机品牌，但在销售整合上将互相融合，使用一个新的全国操盘平台。除此之外，2014年下半年，华为\r\n开始大量建设线下渠道，去年一年就开设了300多家服务店。 \r\n</p>\r\n<p class=\"text\">\r\n	最近有一条很有意思的微博，华为终端中国区CMO杨\r\n柘发了一组图文微博:我们无法改变过去，但可以让未来变得更好……（图为济南泉城路三星最大专卖店拆除，明天就属于华为），这位前三星中国区品牌操盘手跳\r\n槽华为之后，掀起了不少品牌营销活动，并将华为品牌做的风生水起。一升一降之间，就是赤裸裸的商战结果。 \r\n</p>\r\n<p class=\"text\">\r\n	当然渠道多样化和灵活的背后是国产手机产品本身的崛\r\n起。众所周知，国产手机从2014年开始，在工艺、品质上已经完全可以和三星叫板，无论是2000元价位段的产品，还是千元智能机都有着非常不错的品质。\r\n而随着手机硬件、软件方案完全成熟之后，手机确实进入了标准化的时代，让成本下降的同时品质还可以得到保证。而且国产手机在供应链上的弱势已经几乎摊平，\r\n三星的供应链优势正在被瓦解。例如在智能手机至关重要的处理器上，华为自主研发的海思麒麟系列芯片处理能力已然高于三星的处理器。中国厂商的手机产品已经\r\n从底层芯片、处理器、软件，到硬件创新、外观工艺，让三星都失去优势。 \r\n</p>\r\n<p class=\"text\">\r\n	对于三星来说，去年的新品S5缺乏竞争力、品牌影响力在国内遭到质疑、人事变动等，削弱了渠道商的信心，所以与之前同样大量向渠道压货的情况下，却适得其反。 \r\n</p>\r\n<p class=\"text\">\r\n	我们知道，作为传统的硬件厂商，三星要实现自我革命确实很难，禁锢不仅仅来自企业内部的思维模式和管理方式，更来自于和他合作的同为传统企业的渠道商与供应商。那么三星能否在未来改变颓势？从中国手机厂商强劲的表现看，挑战颇大。 \r\n</p>\r\n<p class=\"text\">\r\n	就在本周，三星在中国正式发布2015年旗舰机GalaxyS6，中文名盖乐世。虽然该机在MWC上颇受好评，但几乎所有国产厂商都几乎坚信，在中国彻底打败三星只是时间问题，一方众志成城，一方孤军奋战，这就是三星在中国的境况，盖乐世能否乐的起来还待检验！\r\n</p>'),(17,'<p>\r\n	【环球时报记者郭媛丹报道】乘坐中国海军临沂舰撤离也门的225名外国公民当地时间2日19时15分平安抵达吉布提港。\r\n</p>\r\n<p>\r\n	此次撤离的225名外国公民来自巴基斯坦、埃塞俄比亚、新加坡、意大利、爱尔兰、波兰、德国、加拿大、英国、也门10个国家。这些外国公民搭乘临沂舰，当天从也门亚丁港撤离，经过近8个小时航行抵达吉布提港。\r\n</p>\r\n<p>\r\n	此前，中国政府在自也门撤离中国公民行动中，还协助罗马尼亚、印度、埃及等国的8名公民平安撤离。\r\n</p>'),(20,'回顾起来，感触很多，体会很深，以下几点心得，也许会对后来者有所启发。\r\n<p>\r\n	<strong>一、认清自我，坚定信心。MBA的考生，来自不同行业、不同背景，年龄、基础都不相同，在学习之前，首先要清楚自己的实力和水平。</strong> \r\n</p>\r\n<p>\r\n	我在读大学时，由于学校对英语抓得不紧，可以说我基本上就没有学英语；工作七年中，工作内容又跟英语丝毫不相关。仔细想来，我比应届高中毕业生\r\n的英语水平还要低得多。就我这种英语底子，还敢报考MBA？在报考之前，我的确非常担心，心中的最大隐患就是英语。但转念一想，不就是一门语言吗？马克思\r\n3个月都能学好一门外语，我用一年的时间还不行吗？只要认认真真下功夫，我就不信学不好英语。带着一腔热血，我就上路了。\r\n</p>\r\n<p>\r\n	首先，我找来一份2001年的真题，心想就当作一次模拟考试，看看自己的真实水平，当时是2001年3月份。结果可想而知，做到阅读理解我就已\r\n经做不下去了，一校对，20道语法词汇题，对了3道，阅读理解根本就看不懂。尽管狠狠给我泼了一瓢凉水，但我并没有灰心，于是翻出自己以前高三的英语课\r\n本，开始了自己艰难的考研之路。\r\n</p>\r\n<p>\r\n	<strong>二、做好计划，系统复习。古人云：“预则立，不预则废”，事实的确如此，要想做好一件事情，必须做好计划。当时是3月份，离考试大约还有10个月的时间，我把这10个月分为四个部分：</strong> \r\n</p>\r\n<p>\r\n	3、4月是熟悉英语阶段，主要就是复习高中和大学的英语课本，每天利用工作之余，尽可能多地看英语书籍；\r\n</p>\r\n<p>\r\n	5、6、7月份是英语、数学一起复习阶段，根据大纲要求，把英语大纲认认真真看一遍，也就是在这个阶段，听说要加试听力，于是我就买来随身听，\r\n坚持在上班的路上听英语，本来是乘班车上班，但为了避免与同事说闲话，我就坚持骑半小时的自行车，既练习了听力，又锻炼了身体。在一天的安排上，我上午看\r\n数学，下午看英语，晚上做数学题，最后背词汇；\r\n</p>\r\n<p>\r\n	8、9、10、11这四个月是全面复习阶段，四门课程同时复习，狂做历年考题和多套模拟试题(尤其是英语和数学试题)，通过做题，找出自己的不足和弱项，然后转入最后的冲刺阶段：考前50天。\r\n</p>\r\n<p>\r\n	在这50天的学习中，就英语而言，每天做4至5篇考研的阅读理解，熟记背诵几句作文闪光句型及一些常用词组，其它多余的时间就应该更注重其他各科了。除了整个进程的计划之外，每天的学习也要有所固定的安排。\r\n</p>\r\n<p>\r\n	当时为了提高学习效率，我每天早上坚持锻炼身体半小时，回家后复习一下昨天学过的内容大概以及错题笔记，然后再去上班。晚上是一天学习最重要的\r\n时间，在晚上学习之前，先看看今天学了什么，还要学什么，然后全力以赴，力争完成，但要争取在1点之前睡觉。既要上班又要复习，感觉是挺累的，但现在上班\r\n族考MBA可以选择网上教学，随时随地学习，效果还不错，确实是一条捷径。如何选择适合自己的MBA课程，我认为应该考虑几个因素：国际声誉、地区声誉、\r\n灵活性和方便、专攻方向、入学者的概况等等。\r\n</p>\r\n<p>\r\n	<strong>三、找准弱项，突出重点。“知己知彼，百战不殆”</strong> \r\n</p>\r\n<p>\r\n	我清楚地知道英语是自己的弱项，而词汇和阅读又是英语之中的薄弱环节。所以我十分注重词汇的积累，为此，我买了文曲星，并且充分利用文区星携带\r\n方便的特点，随身携带，随时学习，而且把记不住的单词存到生词表里，一有空就拿出来背。最后临近考试时，再翻开考试大纲的词汇，已经很少见到不认识的单词\r\n了。\r\n</p>\r\n<p>\r\n	对于阅读，一天4至5篇阅读理解，我一直坚持了近两个月。此外，我还订阅了《二十一世纪》，工作闲暇之余就拿来一读，不断提高自己的英语阅读水平，为我在考场上的较好表现奠定了良好的基础。\r\n</p>\r\n<p>\r\n	<strong>四、做好模拟，强化应试</strong> \r\n</p>\r\n<p>\r\n	<strong></strong>如果势利一点讲，考试就是为了考高分，而要想考高分，就要从如何才能考高分入手去复习。无疑，模拟考试就是\r\n一种很好的方法。从10月份开始，我坚持每周做一套英语试题，到最后，仿佛做出了“题感”，感觉英语考试简单多了。 \r\n　　当然，在众多的试题之中，有很多是重复的，但我相信，只要你做了一定量的题，你就会在考试时感到有很多试题你似曾相识，这样就会加快你的做题速度，使\r\n你能有一个好的心态去应对整个考试。MBA英语试题的题量相对来说还是比较大的，有很多考生都做不完，如果你能顺顺利利做完，相信你的考试分数就不会低\r\n了。\r\n</p>\r\n<p>\r\n	<strong>五、注意技巧，争取高分</strong> \r\n</p>\r\n<p>\r\n	<strong></strong>任\r\n何考试都有很多技巧，英语考试也不例外。如果能参加一个辅导班，你会感觉英语考试可能也就是那么一点点技巧而已，当然这种感觉是建立在你已经准备得比较充\r\n分这个基础之上的。 \r\n　　比如：英语作文，你只要背上几篇像样的、有代表性的范文及一些闪光句型，保准你的作文分会在及格以上，现在这样的范文书很多，像《万能作文》，《十句\r\n话作文》等等。再比如做题顺序，要先做阅读理解、汉译英等大分值的题目，其次是作文，最后才是语法、词汇和完型填空等低分值题目。这样在你头脑清醒、时间\r\n相对宽松的情况下，你就可以尽可能地保住高分值题目了，至于低分值题目，此时的影响就不是很大了。\r\n</p>\r\n<p>\r\n	国内不少高校的MBA提前面试正在进行中，您可以完善以下信息进\r\n</p>'),(21,'<p style=\"margin-top:0px;margin-bottom:29px;padding:0px;line-height:28px;font-family:宋体, Arial, sans-serif;font-size:15.9996px;white-space:normal;text-indent:2em;background-color:#FFFFFF;\">\r\n	十几年前在耶鲁读书时，我找到个助教职位，是帮助把关一个专业有关中国研究的毕业论文。其实，论文最后还是要教授过目。我只不过是进行一些前期辅导，比如论文设计、写作大纲、原始材料的翻译等等，别让学生弄得太不靠谱，搞得教授的修改工作量过大。这个工作经验，让我近距离接触了美国的学霸。\r\n</p>\r\n<p style=\"margin-top:0px;margin-bottom:29px;padding:0px;line-height:28px;font-family:宋体, Arial, sans-serif;font-size:15.9996px;white-space:normal;text-indent:2em;background-color:#FFFFFF;\">\r\n	至今最为记忆犹新的，是一位女生。她先来跟我谈论文计划，颇有条理。我就批准了。可等她的书面提纲提交上来，我就傻了：所讨论的题目不仅没有展开，而且漫无头绪，<a class=\"a-tips-Article-QQ\" href=\"http://edu.qq.com/en/\" style=\"outline:none;color:#000000;text-decoration:none;border-bottom-width:1px;border-bottom-style:dotted;border-bottom-color:#536DA6;\">英语</a>(<a target=\"_blank\" href=\"http://class.qq.com/category/90.html\" class=\"a-tips-Article-QQ\" style=\"outline:none;color:#000000;text-decoration:none;border-bottom-width:1px;border-bottom-style:dotted;border-bottom-color:#536DA6;\">精品课</a>)还不如口头讲得好。于是，我批改说：当初谈的时候想法很清晰，但这个提纲的质量让我意外。写作时要精心发展当初的想法，提供一些展开的论述和大致的证据。同时，英语一定不要有太多错误。\r\n</p>\r\n<p style=\"margin-top:0px;margin-bottom:29px;padding:0px;line-height:28px;font-family:宋体, Arial, sans-serif;font-size:15.9996px;white-space:normal;text-indent:2em;background-color:#FFFFFF;\">\r\n	结果，这位第一次见面还十分友好的女生，在整一个学期的论文写作阶段再不跟我说一句话，还去找了另外一位助教。当时和我共事的一位美国博士生听了后说：这些孩子，大概很少听别人批评，所以受不了了。我一想，也许我这个外国学生本身英语就说得不靠谱。连我都说她英语不好，对于一路学霸当过来的耶鲁学生，肯定觉得是奇耻大辱。\r\n</p>\r\n<p style=\"margin-top:0px;margin-bottom:29px;padding:0px;line-height:28px;font-family:宋体, Arial, sans-serif;font-size:15.9996px;white-space:normal;text-indent:2em;background-color:#FFFFFF;\">\r\n	还有一位学生，论文的证据不足，我让他把数据搞清楚，下结论要有证据，别用太多含糊的形容词。后来那位同学居然提出：“能否不这么批评？”其实，我和所有同学事先都声明：英语不是我的母语，委婉的话我不会说。我的责任，就是指出你们的问题。我们就事论事，目的是找到问题，并把这些问题解决，免得论文送到教授那里出麻烦。更不用说，我提出批评时，全是一对一的私下场所，根本不存在脸面挂不住等问题。\r\n</p>\r\n<p style=\"margin-top:0px;margin-bottom:29px;padding:0px;line-height:28px;font-family:宋体, Arial, sans-serif;font-size:15.9996px;white-space:normal;text-indent:2em;background-color:#FFFFFF;\">\r\n	毕业后多年，看到许多对常春藤学生的批判，对这些经验慢慢才能消化理解。有些教育家说，这些常春藤的学生一路都是学霸，认的就是分数以及分数背后别人的认可，心里其实很懦弱，没有自己的主心骨。他们选课，不是追求兴趣，而是计算哪门能拿高分。如果拿不到高分，似乎就在所有的人生期待面前崩溃了。这话或许有点极端。但常春藤里，这种风气确实很盛。\r\n</p>\r\n<p style=\"margin-top:0px;margin-bottom:29px;padding:0px;line-height:28px;font-family:宋体, Arial, sans-serif;font-size:15.9996px;white-space:normal;text-indent:2em;background-color:#FFFFFF;\">\r\n	最近我教中国的高中生，在学霸群中也碰到类似的问题。比如，有个学生能力上鹤立鸡群，但有一次我狠狠批评了她，因为错得太离谱。之后，她就再不和我沟通了。还有一位，因为讨论问题时总是被另一位学霸压一头，就退出了。这些学生都很聪明，从小到大的成绩无懈可击。他们每做一件事，结果都是赢得赞许。这种对赞许的期待，也成了他们的心理支撑。如果你不赞许他们，反而严厉批评，他们就特别容易心理崩溃。这就和那些从没有接触过病菌的人一样，体内一点免疫力没有。真一接触，就可能要命。\r\n</p>\r\n<p style=\"margin-top:0px;margin-bottom:29px;padding:0px;line-height:28px;font-family:宋体, Arial, sans-serif;font-size:15.9996px;white-space:normal;text-indent:2em;background-color:#FFFFFF;\">\r\n	当然，这些或许还属于比较极端的事例。最经常发生的事情是：一旦学霸的意识在脑子里生根，这些学霸在求知过程中就容易缩手缩脚。他们总觉得自己拿出的东西，一定要赢得掌声，否则就绝对不能出手。他们特别怕别人说：“闹半天连他也搞不懂这个问题！闹半天他这里也会错！”过分回避犯错误，已经形成本能。慢慢的，就丧失了数不清的学习和进步机会。\r\n</p>\r\n<p style=\"margin-top:0px;margin-bottom:29px;padding:0px;line-height:28px;font-family:宋体, Arial, sans-serif;font-size:15.9996px;white-space:normal;text-indent:2em;background-color:#FFFFFF;\">\r\n	我的求学历程比较长，见得就比较多。当学生，特别是在比较有挑战性的环境中，面对的很多批评都是当众，人家会指着你鼻子说“肤浅”、“误导”……简直一无是处。这个时候，一个成熟的学生要聚焦别人指出的问题，而不是觉得别人看不起自己，这是最好的学习机会。我见过很多有成就的人，面对这些批评都能全神贯注在自己的问题上。而许多人则全神贯注在别人的态度和自己的自尊心上，对于问题本身却没有心思去想。\r\n</p>\r\n<p style=\"margin-top:0px;margin-bottom:29px;padding:0px;line-height:28px;font-family:宋体, Arial, sans-serif;font-size:15.9996px;white-space:normal;text-indent:2em;background-color:#FFFFFF;\">\r\n	我跟学生们一再讲：好面子的当不好学生，进步不了。你总在乎自己在别人眼里是什么样子，就集中不了精力在所学的东西上。中小学所学的东西简单，小聪明能应付，所以还关系不大。日后学得复杂了，这一点就非常重要。我特别喜欢的，是最近在美国大红大紫的一篇毕业致辞。致辞者是波士顿地区一所名校的英语老师David McCullough。他说：“登上是为了看世界，不是让世界看你。”求知岂不也是如此？\r\n</p>'),(22,'<p style=\"margin-top:0px;margin-bottom:29px;padding:0px;line-height:28px;font-family:宋体, Arial, sans-serif;font-size:15.9996px;white-space:normal;text-indent:2em;background-color:#FFFFFF;\">\r\n	哈佛商学院现任院长尼汀·诺里亚(Nitin Nohria)的背景迥异于所有前任院长：身为印度裔美国人，他是哈佛商学院百年历史上第一位出生在美国之外的院长；此外，他不像前任那样大都是经济学或财务背景，而是一名领导力教授，且历来强调商业伦理在商学院教育中的重要性。\r\n</p>\r\n<p style=\"margin-top:0px;margin-bottom:29px;padding:0px;line-height:28px;font-family:宋体, Arial, sans-serif;font-size:15.9996px;white-space:normal;text-indent:2em;background-color:#FFFFFF;\">\r\n	2010年诺里亚的上任意味深长。他承载着哈佛商学院重振声誉、保持辉煌的使命。因为始自2008年的金融危机让曾经风光骄傲的华尔街精英名誉扫地，甚至整个商业世界都失信于民。作为培养出最多华尔街精英、代表整个美国商业大脑与灵魂的机构，哈佛商学院因此备受指责和压力。对诺里亚的任命，被认为是哈佛大学对这一切的回应。\r\n</p>\r\n<p style=\"margin-top:0px;margin-bottom:29px;padding:0px;line-height:28px;font-family:宋体, Arial, sans-serif;font-size:15.9996px;white-space:normal;text-indent:2em;background-color:#FFFFFF;\">\r\n	五年过去，诺里亚在上海接受《哈佛商业评论》中文版采访，谈他如何履行使命、如何应对挑战。言辞之间，诺里亚显然不愿意也不认为，哈佛商学院会将其在20世纪持续百年的领先地位拱手相让。他说无论他个人或者哈佛商学院、甚至整个哈佛大学，都会以创业者的姿态去面对21世纪所有的变化与挑战。而且，面对今日之世界，他建议人人都要具备创业者精神。\r\n</p>\r\n<p style=\"margin-top:0px;margin-bottom:29px;padding:0px;line-height:28px;font-family:宋体, Arial, sans-serif;font-size:15.9996px;white-space:normal;text-indent:2em;background-color:#FFFFFF;\">\r\n	<strong>哈佛商学院从未试图本土化</strong>\r\n</p>\r\n<p style=\"margin-top:0px;margin-bottom:29px;padding:0px;line-height:28px;font-family:宋体, Arial, sans-serif;font-size:15.9996px;white-space:normal;text-indent:2em;background-color:#FFFFFF;\">\r\n	HBR中文版：在中国我听到一些抱怨，说哈佛商学院像其他大型跨国公司一样，相当官僚而且行动缓慢，你怎么回应？\r\n</p>\r\n<p style=\"margin-top:0px;margin-bottom:29px;padding:0px;line-height:28px;font-family:宋体, Arial, sans-serif;font-size:15.9996px;white-space:normal;text-indent:2em;background-color:#FFFFFF;\">\r\n	诺里亚：那些说哈佛商学院行动迟缓的人大概并不知道，差不多所有商业教育领域的全新做法都始自哈佛商学院。我们创造了案例教学法，我们创造了高管培训项目，其他商学院纷纷效仿；我们创造了哈佛商业出版体系，哈佛商学院生产的案例被全世界所有商学院使用，等等。哈佛商学院一直充满活力，对哈佛商学院迟缓官僚的印象肯定是错的。\r\n</p>\r\n<p style=\"margin-top:0px;margin-bottom:29px;padding:0px;line-height:28px;font-family:宋体, Arial, sans-serif;font-size:15.9996px;white-space:normal;text-indent:2em;background-color:#FFFFFF;\">\r\n	另一个对哈佛商学院的错误印象是说我们缺乏创业者精神，但是数据表明，哈佛商学院非常具有创业精神：50%的哈佛商学院毕业生在毕业后的20年里创办过自己的企业，只不过他们并不是都在硅谷，不都是科技企业而已，而是身处各行各业。最近《福布斯》以及另外一些机构做排名，哪家商学院产生了最多的创业者？哈佛商学院在几个排名里都名列前两位。还有我提及的哈佛创新实验室，也是哈佛大学大力投资创业精神的例证。\r\n</p>\r\n<p style=\"margin-top:0px;margin-bottom:29px;padding:0px;line-height:28px;font-family:宋体, Arial, sans-serif;font-size:15.9996px;white-space:normal;text-indent:2em;background-color:#FFFFFF;\">\r\n	我想主要是因为长期以来哈佛商学院培养了太多成功的大公司CEO，所以人们容易误会哈佛商学院并不擅长培养创业者，但如果看数据，事实是，哈佛商学院既为大公司培养了许多杰出的CEO，也培养了大量杰出的创业者。\r\n</p>\r\n<p style=\"margin-top:0px;margin-bottom:29px;padding:0px;line-height:28px;font-family:宋体, Arial, sans-serif;font-size:15.9996px;white-space:normal;text-indent:2em;background-color:#FFFFFF;\">\r\n	HBR中文版：那么你如何看待哈佛商学院在中国市场的竞争者？\r\n</p>\r\n<p style=\"margin-top:0px;margin-bottom:29px;padding:0px;line-height:28px;font-family:宋体, Arial, sans-serif;font-size:15.9996px;white-space:normal;text-indent:2em;background-color:#FFFFFF;\">\r\n	诺里亚： 中国市场对于商业管理教育的需求呈爆炸式增长，不论哈佛商学院或其他任何一家商学院都不能充分满足市场的全部需求。从某种程度说，我们很高兴看到本土商学院崛起填补当地需求。\r\n</p>\r\n<p style=\"margin-top:0px;margin-bottom:29px;padding:0px;line-height:28px;font-family:宋体, Arial, sans-serif;font-size:15.9996px;white-space:normal;text-indent:2em;background-color:#FFFFFF;\">\r\n	但是，中国的企业高管一定会在某个时刻需要全球化的商业管理教育，真正跻身全球商业高管精英当中。但至少目前，想要与来自印度、巴西、欧洲、拉丁美洲等等的全球杰出企业高管一起学习讨论，在清华、北大的课堂里还是很难实现的。这就是哈佛商学院课堂的优势。\r\n</p>\r\n<p style=\"margin-top:0px;margin-bottom:29px;padding:0px;line-height:28px;font-family:宋体, Arial, sans-serif;font-size:15.9996px;white-space:normal;text-indent:2em;background-color:#FFFFFF;\">\r\n	其实哈佛商学院从未试图本土化，我们在做的是帮助本土商学院成长。比如我们跟清华、北大之间的合作都是教给他们案例教学的方法，指导他们的案例写作等等。本质上，哈佛商学院在做的并不是一门生意，我们不和其他生意竞争，我们的目标是让全球任何地方的人都可以受益于商业管理教育。\r\n</p>\r\n<p style=\"margin-top:0px;margin-bottom:29px;padding:0px;line-height:28px;font-family:宋体, Arial, sans-serif;font-size:15.9996px;white-space:normal;text-indent:2em;background-color:#FFFFFF;\">\r\n	<strong>在线教育更像零售业</strong>\r\n</p>\r\n<p style=\"margin-top:0px;margin-bottom:29px;padding:0px;line-height:28px;font-family:宋体, Arial, sans-serif;font-size:15.9996px;white-space:normal;text-indent:2em;background-color:#FFFFFF;\">\r\n	HBR中文版：传统教育在数字化时代会是怎样的生存状况？\r\n</p>\r\n<p style=\"margin-top:0px;margin-bottom:29px;padding:0px;line-height:28px;font-family:宋体, Arial, sans-serif;font-size:15.9996px;white-space:normal;text-indent:2em;background-color:#FFFFFF;\">\r\n	诺里亚： 我觉得在线教育有点像零售业。想想看，在线零售的崛起并没有完全替代人们在实体店消费时许多非常个人化的体验。传统教育相当于实体店的质量和体验。让传统商学院无可替代的，不仅在于它提供的知识、技巧和工具，还有长达终生的深厚的同窗之谊，它为你提供某种身份认同，让你探索自己在这个世界的位置，我不相信这些事情都会移到线上。\r\n</p>\r\n<p style=\"margin-top:0px;margin-bottom:29px;padding:0px;line-height:28px;font-family:宋体, Arial, sans-serif;font-size:15.9996px;white-space:normal;text-indent:2em;background-color:#FFFFFF;\">\r\n	HBR中文版：所以实体教室会永远存在？\r\n</p>\r\n<p style=\"margin-top:0px;margin-bottom:29px;padding:0px;line-height:28px;font-family:宋体, Arial, sans-serif;font-size:15.9996px;white-space:normal;text-indent:2em;background-color:#FFFFFF;\">\r\n	诺里亚：我相信实体教室仍然会是教育系统中非常重要的一部分，但它必须变得非常特别。如果教室只提供标准化课程，学生们就会都去线上学习了，但如果你提供非常互动性、启发性的内容，就像哈佛商学院的课堂，教授在学生之间引导对话，学生们在对话和互相启发中不仅学到知识，还培养出卓越的判断力，并且发展出持续终生的友谊，课堂就依然极具吸引力。\r\n</p>\r\n<p style=\"margin-top:0px;margin-bottom:29px;padding:0px;line-height:28px;font-family:宋体, Arial, sans-serif;font-size:15.9996px;white-space:normal;text-indent:2em;background-color:#FFFFFF;\">\r\n	HBR中文版：所以MOOCs的用户其实不是哈佛商学院的客户？\r\n</p>\r\n<p style=\"margin-top:0px;margin-bottom:29px;padding:0px;line-height:28px;font-family:宋体, Arial, sans-serif;font-size:15.9996px;white-space:normal;text-indent:2em;background-color:#FFFFFF;\">\r\n	诺里亚：对。\r\n</p>\r\n<p style=\"margin-top:0px;margin-bottom:29px;padding:0px;line-height:28px;font-family:宋体, Arial, sans-serif;font-size:15.9996px;white-space:normal;text-indent:2em;background-color:#FFFFFF;\">\r\n	HBR中文版：目前对MOOCs的商业模式以及持续发展有很多争论，你怎么看？\r\n</p>\r\n<p style=\"margin-top:0px;margin-bottom:29px;padding:0px;line-height:28px;font-family:宋体, Arial, sans-serif;font-size:15.9996px;white-space:normal;text-indent:2em;background-color:#FFFFFF;\">\r\n	诺里亚：我觉得对MOOCs的需求是真实存在的，就像我刚才说的，它更像零售业，人们对亚马逊有需求，但同时会去耐克精品店、苹果体验店一样。你可以在网上买到任何一款苹果产品，但是在苹果的纽约店和波士顿店始终排着长队。用户在苹果店里试用各种产品，听非常熟悉产品的店员给你详细介绍，这些是线上没有的体验。我相信MOOCs可以提供质量相当不错的教育产品，同时也有很多人没钱没时间，没有能力投资于更互动的教育体验，他们会受益于MOOCs。但市场上同时还存在另一种需求，对更互动、更亲密的教育形式的需求。所以实体教室和在线教育不是非此即彼，而会同时并存。\r\n</p>\r\n<p style=\"margin-top:0px;margin-bottom:29px;padding:0px;line-height:28px;font-family:宋体, Arial, sans-serif;font-size:15.9996px;white-space:normal;text-indent:2em;background-color:#FFFFFF;\">\r\n	<strong>21世纪，人人都需要创业精神</strong>\r\n</p>\r\n<p style=\"margin-top:0px;margin-bottom:29px;padding:0px;line-height:28px;font-family:宋体, Arial, sans-serif;font-size:15.9996px;white-space:normal;text-indent:2em;background-color:#FFFFFF;\">\r\n	HBR中文版：作为领导力教授，你认为21世纪的领导者需要具备哪些特质，跟上一辈商业领袖有哪些相同和不同？\r\n</p>\r\n<p style=\"margin-top:0px;margin-bottom:29px;padding:0px;line-height:28px;font-family:宋体, Arial, sans-serif;font-size:15.9996px;white-space:normal;text-indent:2em;background-color:#FFFFFF;\">\r\n	诺里亚：其实我不相信卓越领导者拥有一系列“特质”(traits)，而更愿意说他们具备一系列“能力”(capabilities)。因为“特质”是生而有之，而“能力”是后天习得的。\r\n</p>\r\n<p style=\"margin-top:0px;margin-bottom:29px;padding:0px;line-height:28px;font-family:宋体, Arial, sans-serif;font-size:15.9996px;white-space:normal;text-indent:2em;background-color:#FFFFFF;\">\r\n	习得“情境领导力”、获得全球视野，对21世纪的商业领袖来说是极其必要的能力。学生们坐在美国的课堂里想象中国市场可能对某个产品、某种服务感兴趣，但是当他们来到中国，实地测试这个产品或服务的时候，就会发现因为政治因素、文化因素等等情境差异，需要重新思考这个产品和服务，需要做出基于中国市场的应对和调整。\r\n</p>\r\n<p style=\"margin-top:0px;margin-bottom:29px;padding:0px;line-height:28px;font-family:宋体, Arial, sans-serif;font-size:15.9996px;white-space:normal;text-indent:2em;background-color:#FFFFFF;\">\r\n	除了情境领导力，我特别想强调的是，21世纪非常重要的是，人人都需要具备创业者精神(entrepreneurship)。这不是说人人都要去创办自己的企业，而是说即便身居大公司你也需要以创业者的精神去做事。即便哈佛商学院，一旦我们丧失了创业者精神，也必将落后。所有牢固的百年大公司都需要以创业者的精神面对竞争。\r\n</p>\r\n<p style=\"margin-top:0px;margin-bottom:29px;padding:0px;line-height:28px;font-family:宋体, Arial, sans-serif;font-size:15.9996px;white-space:normal;text-indent:2em;background-color:#FFFFFF;\">\r\n	HBR中文版：可是哈佛商学院的口号仍然是培养“领导者”(leaders)，而不是培养“创业者”(entrepreneurs)。在《他们的时代》中，你区分了领导者、创业者、管理者(managers)三者的不同。\r\n</p>\r\n<p style=\"margin-top:0px;margin-bottom:29px;padding:0px;line-height:28px;font-family:宋体, Arial, sans-serif;font-size:15.9996px;white-space:normal;text-indent:2em;background-color:#FFFFFF;\">\r\n	诺里亚：是的，创业者是改变行业规则、创造全新事物的人；管理者是把企业从小做大，实现规模性增长的人；领导者是在企业遇到危机时将企业带向新生的人。我主要是从领导力的类型来区分三者，但是对一个领导者来说，这三种能力应该是结合在一起的，在企业发展的不同阶段，需要他更多体现或具备其中某种或全部这些能力。\r\n</p>\r\n<p style=\"margin-top:0px;margin-bottom:29px;padding:0px;line-height:28px;font-family:宋体, Arial, sans-serif;font-size:15.9996px;white-space:normal;text-indent:2em;background-color:#FFFFFF;\">\r\n	HBR中文版：对商业领袖而言，相比20世纪的商业管理，哪些需要改变，哪些不会改变？\r\n</p>\r\n<p style=\"margin-top:0px;margin-bottom:29px;padding:0px;line-height:28px;font-family:宋体, Arial, sans-serif;font-size:15.9996px;white-space:normal;text-indent:2em;background-color:#FFFFFF;\">\r\n	诺里亚：持续变化的是商业模式。Facebook刚创办的时候，没人认为它能赚钱，但是它最终找到了自己的商业模式。每天都有新的商业模式出现，商业领袖要永远对商业模式保持警觉，新出现的商业模式随时可能威胁公司现有的生存。对哈佛商学院也同样如此，如果不紧密关注数字化在教育领域催生的新商业模式，我们也会有危险。\r\n</p>\r\n<p style=\"margin-top:0px;margin-bottom:29px;padding:0px;line-height:28px;font-family:宋体, Arial, sans-serif;font-size:15.9996px;white-space:normal;text-indent:2em;background-color:#FFFFFF;\">\r\n	而永远不变的，还是对人的管理。不管任何时代、任何环境、任何技术革命，你始终需要激励人、鼓舞人，用更好的方式让人们彼此协作不论商业模式怎样变，不论公司规模大小、发展阶段，领导力都是最核心的不变的东西。\r\n</p>'),(23,'<p style=\"margin-top:0px;margin-bottom:29px;padding:0px;line-height:28px;font-family:宋体, Arial, sans-serif;font-size:15.9996px;white-space:normal;text-indent:2em;background-color:#FFFFFF;\">\r\n	关于<a class=\"a-tips-Article-QQ\" href=\"http://edu.qq.com/kszx/ielts.shtml\" style=\"outline:none;color:#000000;text-decoration:none;border-bottom-width:1px;border-bottom-style:dotted;border-bottom-color:#536DA6;\">雅思</a>(<a target=\"_blank\" href=\"http://class.qq.com/category/94.html\" class=\"a-tips-Article-QQ\" style=\"outline:none;color:#000000;text-decoration:none;border-bottom-width:1px;border-bottom-style:dotted;border-bottom-color:#536DA6;\">课程</a>)精读，首先，认真选择精读文章，只需10篇剑桥文章，你的成绩就可以在7.5以上。但这一前提是你不是流于形式，而是认真走心的读。\r\n</p>\r\n<p style=\"margin-top:0px;margin-bottom:29px;padding:0px;line-height:28px;font-family:宋体, Arial, sans-serif;font-size:15.9996px;white-space:normal;text-indent:2em;background-color:#FFFFFF;\">\r\n	我一直认为雅思精读最大的目的在于四点：\r\n</p>\r\n<p style=\"margin-top:0px;margin-bottom:29px;padding:0px;line-height:28px;font-family:宋体, Arial, sans-serif;font-size:15.9996px;white-space:normal;text-indent:2em;background-color:#FFFFFF;\">\r\n	1、生词+学科核心生词\r\n</p>\r\n<p style=\"margin-top:0px;margin-bottom:29px;padding:0px;line-height:28px;font-family:宋体, Arial, sans-serif;font-size:15.9996px;white-space:normal;text-indent:2em;background-color:#FFFFFF;\">\r\n	2、每道题涉及解题的同义替换\r\n</p>\r\n<p style=\"margin-top:0px;margin-bottom:29px;padding:0px;line-height:28px;font-family:宋体, Arial, sans-serif;font-size:15.9996px;white-space:normal;text-indent:2em;background-color:#FFFFFF;\">\r\n	3、长难句的不回读训练\r\n</p>\r\n<p style=\"margin-top:0px;margin-bottom:29px;padding:0px;line-height:28px;font-family:宋体, Arial, sans-serif;font-size:15.9996px;white-space:normal;text-indent:2em;background-color:#FFFFFF;\">\r\n	4、段落中心句位置+文章构架的积累训练与开悟体验\r\n</p>\r\n<p style=\"margin-top:0px;margin-bottom:29px;padding:0px;line-height:28px;font-family:宋体, Arial, sans-serif;font-size:15.9996px;white-space:normal;text-indent:2em;background-color:#FFFFFF;\">\r\n	1、生词+学科核心生词\r\n</p>\r\n<p style=\"margin-top:0px;margin-bottom:29px;padding:0px;line-height:28px;font-family:宋体, Arial, sans-serif;font-size:15.9996px;white-space:normal;text-indent:2em;background-color:#FFFFFF;\">\r\n	雅思考生公认精读来扫清阅读单词死角是再合适不过的了，尤其精读了几篇生物类文章，再答生物类全都认识了。比如C7蚂蚁智能里面的forage/scout/bearing/odour等词，精读过少量生物类文章，再去做OG上的swarm之类的文章就非常easy了，通篇可以快速读懂，准确定位，正确率超高。\r\n</p>\r\n<p style=\"margin-top:0px;margin-bottom:29px;padding:0px;line-height:28px;font-family:宋体, Arial, sans-serif;font-size:15.9996px;white-space:normal;text-indent:2em;background-color:#FFFFFF;\">\r\n	再如精读过C9的金星凌日，天文类词汇基底你就get到了，什么日食月食轨道运行太阳黑子与光斑，只要考试出了天文类，百分之75以上的基底词汇你都是认识的，答题就自如多了。\r\n</p>\r\n<p style=\"margin-top:0px;margin-bottom:29px;padding:0px;line-height:28px;font-family:宋体, Arial, sans-serif;font-size:15.9996px;white-space:normal;text-indent:2em;background-color:#FFFFFF;\">\r\n	2、每道题涉及解题的同义替换\r\n</p>\r\n<p style=\"margin-top:0px;margin-bottom:29px;padding:0px;line-height:28px;font-family:宋体, Arial, sans-serif;font-size:15.9996px;white-space:normal;text-indent:2em;background-color:#FFFFFF;\">\r\n	粗定位一个定位词，全文可能会出现30多处，俗话说：两点定一线，你的关键词/定位词，至少要画两个以上还要全都找到。我一般建议学生“抓三点”“抓四点”“抓五点”，题配句，词换词，细定位就是要找至少两三个换的词。\r\n</p>\r\n<p style=\"margin-top:0px;margin-bottom:29px;padding:0px;line-height:28px;font-family:宋体, Arial, sans-serif;font-size:15.9996px;white-space:normal;text-indent:2em;background-color:#FFFFFF;\">\r\n	说到底，同义替换词这个事情，还是要多多积累的，比积累词汇量在雅思阅读中，还要重要。\r\n</p>\r\n<p style=\"margin-top:0px;margin-bottom:29px;padding:0px;line-height:28px;font-family:宋体, Arial, sans-serif;font-size:15.9996px;white-space:normal;text-indent:2em;background-color:#FFFFFF;\">\r\n	所以单词量达到瓶颈以后，要做的是背”同义替换词表“\r\n</p>\r\n<p style=\"margin-top:0px;margin-bottom:29px;padding:0px;line-height:28px;font-family:宋体, Arial, sans-serif;font-size:15.9996px;white-space:normal;text-indent:2em;background-color:#FFFFFF;\">\r\n	3、长难句的不回读训练\r\n</p>\r\n<p style=\"margin-top:0px;margin-bottom:29px;padding:0px;line-height:28px;font-family:宋体, Arial, sans-serif;font-size:15.9996px;white-space:normal;text-indent:2em;background-color:#FFFFFF;\">\r\n	忘了是哪个老师说三行以上必出题。\r\n</p>\r\n<p style=\"margin-top:0px;margin-bottom:29px;padding:0px;line-height:28px;font-family:宋体, Arial, sans-serif;font-size:15.9996px;white-space:normal;text-indent:2em;background-color:#FFFFFF;\">\r\n	N个学生的反馈都是：长难句读到后半句，前面就忘了度过了什么。或者单词都认识，就是读文章速度太慢。\r\n</p>\r\n<p style=\"margin-top:0px;margin-bottom:29px;padding:0px;line-height:28px;font-family:宋体, Arial, sans-serif;font-size:15.9996px;white-space:normal;text-indent:2em;background-color:#FFFFFF;\">\r\n	当年考GMAT看过一本《GMAT长难句练习》，里面提到了”打死我也不回读”这个方法，一直分享给学生，效果反馈很棒。里面说：\r\n</p>\r\n<p style=\"margin-top:0px;margin-bottom:29px;padding:0px;line-height:28px;font-family:宋体, Arial, sans-serif;font-size:15.9996px;white-space:normal;text-indent:2em;background-color:#FFFFFF;\">\r\n	只要每天练习五个长难句不回读训练，看到大长句子，习惯性切割主谓宾，一周就会看到效果。本来想着不就是主谓宾嘛，结果练了十多天，读题速度有了飞跃性的提升。\r\n</p>\r\n<p style=\"margin-top:0px;margin-bottom:29px;padding:0px;line-height:28px;font-family:宋体, Arial, sans-serif;font-size:15.9996px;white-space:normal;text-indent:2em;background-color:#FFFFFF;\">\r\n	长难句再也不是问题，看到就自动读主谓宾，这就可以轻松记住意思，读下面句子的时候，逻辑就形成了非常舒服的衔接。如果有题在句子中，再去精读也不迟。\r\n</p>\r\n<p style=\"margin-top:0px;margin-bottom:29px;padding:0px;line-height:28px;font-family:宋体, Arial, sans-serif;font-size:15.9996px;white-space:normal;text-indent:2em;background-color:#FFFFFF;\">\r\n	4、段落中心句位置+文章构架的积累训练与开悟体验\r\n</p>\r\n<p style=\"margin-top:0px;margin-bottom:29px;padding:0px;line-height:28px;font-family:宋体, Arial, sans-serif;font-size:15.9996px;white-space:normal;text-indent:2em;background-color:#FFFFFF;\">\r\n	LOH和 段落信息配对，怎么做，主要靠精读的这个步骤。\r\n</p>\r\n<p style=\"margin-top:0px;margin-bottom:29px;padding:0px;line-height:28px;font-family:宋体, Arial, sans-serif;font-size:15.9996px;white-space:normal;text-indent:2em;background-color:#FFFFFF;\">\r\n	LOH做多了，自然有了feel，首句中心句?末句中心句?转折中心句?这就不细说了，做多了就知道。\r\n</p>\r\n<p style=\"margin-top:0px;margin-bottom:29px;padding:0px;line-height:28px;font-family:宋体, Arial, sans-serif;font-size:15.9996px;white-space:normal;text-indent:2em;background-color:#FFFFFF;\">\r\n	段落信息配对题，因为无序且恶心，同义替换幅度较大，有时候需要通读全文。我却始终坚信“预测乃解决断子绝孙题的直通车”。只要精读了，你就会发现，原来文章各个部位都有暗示你过，那么下次如果你没读原文直接做MATCHING你要怎么“蒙题”，精读多了你就懂了\r\n</p>'),(26,'<p style=\"margin-top:0px;margin-bottom:29px;padding:0px;line-height:28px;font-family:宋体, Arial, sans-serif;font-size:15.9996px;white-space:normal;background-color:#FFFFFF;\">\r\n	原标题：关注·底层教育梦：先天不足 后天亏损？\r\n</p>\r\n<p style=\"margin-top:0px;margin-bottom:29px;padding:0px;line-height:28px;font-family:宋体, Arial, sans-serif;font-size:15.9996px;white-space:normal;background-color:#FFFFFF;\">\r\n	对多数不能升学的底层孩子而言，与其被老师教成温顺的小绵羊，不如告诉他们真实世界的行事规则\r\n</p>\r\n<p style=\"margin-top:0px;margin-bottom:29px;padding:0px;line-height:28px;font-family:宋体, Arial, sans-serif;font-size:15.9996px;white-space:normal;background-color:#FFFFFF;\">\r\n	大多数身处农村底层和城镇边缘家庭的孩子就近入学所就读的学校，很难成为其阶层上升流动的通道\r\n</p>\r\n<p style=\"margin-top:0px;margin-bottom:29px;padding:0px;line-height:28px;font-family:宋体, Arial, sans-serif;font-size:15.9996px;white-space:normal;background-color:#FFFFFF;\">\r\n	这种“先天不足”与“后天更弱”的教育现实，使绝大多数底层群体早在中考前就已经和重点大学无缘\r\n</p>\r\n<p style=\"margin-top:0px;margin-bottom:29px;padding:0px;line-height:28px;font-family:宋体, Arial, sans-serif;font-size:15.9996px;white-space:normal;background-color:#FFFFFF;\">\r\n	--\r\n</p>\r\n<p style=\"margin-top:0px;margin-bottom:29px;padding:0px;line-height:28px;font-family:宋体, Arial, sans-serif;font-size:15.9996px;white-space:normal;background-color:#FFFFFF;\">\r\n	在知识和文凭愈来愈成为当今中国核心竞争力和时代化标签的同时，为何底层社会群体越来越无心通过文化资本的集聚来改变其底层状态？他们是天然具有根深蒂固的反智主义传统？还是因为其他因素的制约，导致他们被抛出教育这条“马拉松竞赛”的轨道？\r\n</p>\r\n<p style=\"margin-top:0px;margin-bottom:29px;padding:0px;line-height:28px;font-family:宋体, Arial, sans-serif;font-size:15.9996px;white-space:normal;background-color:#FFFFFF;\">\r\n	笔者主持了国家社科基金课题《中国城镇化进程中西部底层孩子们阶层再生产发生的日常机制及策略干预研究》。在展开全国大样本调研基础上，笔者深入中国西部农业县——四川芥县，开展为期半年的田野工作，深入研究从幼儿园入学一直到进入就业市场的教育筛选轨道中，底层家庭是如何一步步被固化的。\r\n</p>\r\n<p style=\"margin-top:0px;margin-bottom:29px;padding:0px;line-height:28px;font-family:宋体, Arial, sans-serif;font-size:15.9996px;white-space:normal;background-color:#FFFFFF;\">\r\n	<strong>不少人即使送孩子读书，也支持“读书无用”</strong>\r\n</p>\r\n<p style=\"margin-top:0px;margin-bottom:29px;padding:0px;line-height:28px;font-family:宋体, Arial, sans-serif;font-size:15.9996px;white-space:normal;background-color:#FFFFFF;\">\r\n	在乡间底层群体中，“读书是否有用”经常发生行为与观念上的“二元背离”。\r\n</p>\r\n<p style=\"margin-top:0px;margin-bottom:29px;padding:0px;line-height:28px;font-family:宋体, Arial, sans-serif;font-size:15.9996px;white-space:normal;background-color:#FFFFFF;\">\r\n	笔者的调研结论证明：与子女已经接受完各阶段教育的农户家庭相比，有子女正在接受各阶段教育的农户家庭对读书有用性的认同度更高。但是，他们似乎仅仅是“读书有用”的观念认同者，但却是“读书无用”的行动支持者。尽管在送孩子入学时都会叮嘱孩子要好好学习，实际上，他们并不真正把孩子的学习当回事：\r\n</p>\r\n<p style=\"margin-top:0px;margin-bottom:29px;padding:0px;line-height:28px;font-family:宋体, Arial, sans-serif;font-size:15.9996px;white-space:normal;background-color:#FFFFFF;\">\r\n	一方面，家长任意肢解和侵占孩子的学习、休息时间，甚至在上课期间，有家长以孩子生病或转学的名义，领孩子到工地打工或到农田帮活；\r\n</p>\r\n<p style=\"margin-top:0px;margin-bottom:29px;padding:0px;line-height:28px;font-family:宋体, Arial, sans-serif;font-size:15.9996px;white-space:normal;background-color:#FFFFFF;\">\r\n	另一方面，他们因为能力的限制而并不能真正参与到对子女的教育中来，甚至有时候因为功利、实用、短视与金钱至上的观念，而与学校主流价值观和教育实践形成抵触与反叛。升学希望渺茫与教育回报率低的尴尬现实，使他们寻找到一套属于底层的教育理性——\r\n</p>\r\n<p style=\"margin-top:0px;margin-bottom:29px;padding:0px;line-height:28px;font-family:宋体, Arial, sans-serif;font-size:15.9996px;white-space:normal;background-color:#FFFFFF;\">\r\n	绝大多数的孩子将来都是升不了学的，这就意味着吃不了“国家饭”，他们迟早都要到社会上“谋饭吃”。与其在学校里被老师教成温顺的小绵羊，变成按书本规矩办事的“书呆子”，还不如现在就告诉孩子真实世界的行事规则。\r\n</p>\r\n<p style=\"margin-top:0px;margin-bottom:29px;padding:0px;line-height:28px;font-family:宋体, Arial, sans-serif;font-size:15.9996px;white-space:normal;background-color:#FFFFFF;\">\r\n	这是乡间底层一种无可奈何的尴尬选择。在现实中，底层因为家庭、教育、社会等多项因素影响，在通向社会阶层上层流动的教育竞争轨道中过早地被抛弃。同时，因为这种教育的高淘汰和低预期，底层孩子更快地结束了在教育筛选轨道中的旅程，提前开始了底层内部的个体社会化预演和训练。\r\n</p>\r\n<p style=\"margin-top:0px;margin-bottom:29px;padding:0px;line-height:28px;font-family:宋体, Arial, sans-serif;font-size:15.9996px;white-space:normal;background-color:#FFFFFF;\">\r\n	原标题：关注·底层教育梦：先天不足 后天亏损？\r\n</p>\r\n<p style=\"margin-top:0px;margin-bottom:29px;padding:0px;line-height:28px;font-family:宋体, Arial, sans-serif;font-size:15.9996px;white-space:normal;background-color:#FFFFFF;\">\r\n	<strong>“邻村”幼儿园：可有可无的教育场所</strong>\r\n</p>\r\n<p style=\"margin-top:0px;margin-bottom:29px;padding:0px;line-height:28px;font-family:宋体, Arial, sans-serif;font-size:15.9996px;white-space:normal;background-color:#FFFFFF;\">\r\n	早期的儿童教育具有特殊重要性，因为在这段时间，儿童正逐步形成他们的自我概念和社会意识，这是个体社会化的第一步。然而，第一步对于不同的儿童来讲差异甚大。在城镇中，特别是大城市，儿童被送入学费昂贵的幼儿园接受有专家指导的正规早期教育。\r\n</p>\r\n<p style=\"margin-top:0px;margin-bottom:29px;padding:0px;line-height:28px;font-family:宋体, Arial, sans-serif;font-size:15.9996px;white-space:normal;background-color:#FFFFFF;\">\r\n	一项对3000名儿童提供学前教育的研究（大部分是贫困的美国黑人）表明，接受学前教育的儿童在很多方面处在优势地位：他们很少被分到特殊班或补习班，很少有学生因成绩差而被留级；接受过学前教育的贫困家庭孩子在随后3年的标准比奈智力测试中，分数比控制组儿童高；他们保持着更强的“成就取向”，也倾向于培养比自身还要高的职业志向。\r\n</p>\r\n<p style=\"margin-top:0px;margin-bottom:29px;padding:0px;line-height:28px;font-family:宋体, Arial, sans-serif;font-size:15.9996px;white-space:normal;background-color:#FFFFFF;\">\r\n	然而，与城镇，特别是大城市的家长相比，底层农村社会中的家长却在送孩子入幼儿园上发生了困难。笔者所调研的四川芥县很多农村家庭持有这样的观点：\r\n</p>\r\n<p style=\"margin-top:0px;margin-bottom:29px;padding:0px;line-height:28px;font-family:宋体, Arial, sans-serif;font-size:15.9996px;white-space:normal;background-color:#FFFFFF;\">\r\n	第一，诸多底层家庭认为幼儿园就是一群孩子玩的地方，可上可不上，何况家里有剩余劳动力，或自己带，或给父辈亲戚带，更能保证安全；\r\n</p>\r\n<p style=\"margin-top:0px;margin-bottom:29px;padding:0px;line-height:28px;font-family:宋体, Arial, sans-serif;font-size:15.9996px;white-space:normal;background-color:#FFFFFF;\">\r\n	第二，幼儿园的学费普遍较贵，这是一笔不用浪费的支出，何况每天还要接送孩子，费时费力。\r\n</p>\r\n<p style=\"margin-top:0px;margin-bottom:29px;padding:0px;line-height:28px;font-family:宋体, Arial, sans-serif;font-size:15.9996px;white-space:normal;background-color:#FFFFFF;\">\r\n	事实上，这种观念的形成，在很大程度上源于底层社会学前教育发展的自身困境。\r\n</p>\r\n<p style=\"margin-top:0px;margin-bottom:29px;padding:0px;line-height:28px;font-family:宋体, Arial, sans-serif;font-size:15.9996px;white-space:normal;background-color:#FFFFFF;\">\r\n	一方面，根据公开的统计数据，中国幼儿园在2001年到2011年的年平均增长率为4.09%，其中，城镇幼儿园和县镇幼儿园年均增加率分别高达6.76%和5.86%，但农村幼儿园年均仅增加1.02%。再从2010年到2011年的全国数据来看，在城市和县镇幼儿园绝对增长数纷纷过万的情况下，农村幼儿园却锐减了12904所。2011年，全国4～6岁幼儿人数中，农村占56.91%，可农村幼儿园园数和班数却仅占全国的35.19%和33.75%。农村幼儿教育陷入到一个恶性循环之中。\r\n</p>\r\n<p style=\"margin-top:0px;margin-bottom:29px;padding:0px;line-height:28px;font-family:宋体, Arial, sans-serif;font-size:15.9996px;white-space:normal;background-color:#FFFFFF;\">\r\n	另一方面，农村幼儿园的保教人员（专任教师和保育员）非常紧缺，以全国数据为例，农村幼儿园专任教师2001到2011年间的年均增长率仅4.86%，这远低于城市和县镇的10.75%和9.51%，甚至近年来还出现了大规模减少的现象。\r\n</p>\r\n<p style=\"margin-top:0px;margin-bottom:29px;padding:0px;line-height:28px;font-family:宋体, Arial, sans-serif;font-size:15.9996px;white-space:normal;background-color:#FFFFFF;\">\r\n	因为专任教师的紧缺，在农村学校布局调整后，四川芥县被淘汰下来的农村中小学教师转到农村幼儿园任教。他们没有经过系统化和专业化的学前教育培训，只能给农村幼儿讲授小学中的各种学科知识，从而进一步加剧了农村学前教育小学化问题的严峻性和复杂性。\r\n</p>\r\n<p style=\"margin-top:0px;margin-bottom:29px;padding:0px;line-height:28px;font-family:宋体, Arial, sans-serif;font-size:15.9996px;white-space:normal;background-color:#FFFFFF;\">\r\n	由此可见，这些留守的底层群体从起跑线处的学前教育开始，就面临着各种制度性和结构性的阻滞因素和现实困难。\r\n</p>\r\n<p style=\"margin-top:0px;margin-bottom:29px;padding:0px;line-height:28px;font-family:宋体, Arial, sans-serif;font-size:15.9996px;white-space:normal;background-color:#FFFFFF;\">\r\n	原标题：关注·底层教育梦：先天不足 后天亏损？\r\n</p>\r\n<p style=\"margin-top:0px;margin-bottom:29px;padding:0px;line-height:28px;font-family:宋体, Arial, sans-serif;font-size:15.9996px;white-space:normal;background-color:#FFFFFF;\">\r\n	<strong>就近入学：公平还是不公平</strong>\r\n</p>\r\n<p style=\"margin-top:0px;margin-bottom:29px;padding:0px;line-height:28px;font-family:宋体, Arial, sans-serif;font-size:15.9996px;white-space:normal;background-color:#FFFFFF;\">\r\n	家住云乡最偏远村落——蜈村的杨光，是就近入学政策的严格遵守者。杨光来自典型的底层家庭：父亲早逝，母亲改嫁，一直和叔叔一家一起生活。腿部有残疾的叔叔和妻子在家务农，维持全家四口的日常生计。\r\n</p>\r\n<p style=\"margin-top:0px;margin-bottom:29px;padding:0px;line-height:28px;font-family:宋体, Arial, sans-serif;font-size:15.9996px;white-space:normal;background-color:#FFFFFF;\">\r\n	7岁时，杨光入读了本村村小——蜈村小学。作为云乡九年一贯制学校分管的一个教学点，蜈村小学中唯一的老师是一名年近六旬的民办老师。这位老师不会讲普通话，教学水平也不高。二年级时，蜈村小学因为县里调整农村学校布局而被撤并，杨光转到邻村的桥村小学读书，但该小学也仅有5名教师，其中3名还是民办教师。两年后，桥村小学在新一轮农村学校布局调整中再次被撤并。随后，杨光转到云乡九年一贯制学校。\r\n</p>\r\n<p style=\"margin-top:0px;margin-bottom:29px;padding:0px;line-height:28px;font-family:宋体, Arial, sans-serif;font-size:15.9996px;white-space:normal;background-color:#FFFFFF;\">\r\n	与杨光同村的张小理则选择了另外一条不“就近入学”的路子。在外省打工的父母坚决把他送到县城的公办民助实验小学就读，尽管父母为此交纳不菲的学费，但张小理却在更优的环境中顺利成长。\r\n</p>\r\n<p style=\"margin-top:0px;margin-bottom:29px;padding:0px;line-height:28px;font-family:宋体, Arial, sans-serif;font-size:15.9996px;white-space:normal;background-color:#FFFFFF;\">\r\n	目前已经初三的张小理尽管学习成绩不算突出，却有把握考入乡镇普通高中——寿镇中学，而当年成绩更为优秀的杨光，却只能接受根本不可能考上普通高中的事实。\r\n</p>\r\n<p style=\"margin-top:0px;margin-bottom:29px;padding:0px;line-height:28px;font-family:宋体, Arial, sans-serif;font-size:15.9996px;white-space:normal;background-color:#FFFFFF;\">\r\n	仅以<a class=\"a-tips-Article-QQ\" href=\"http://edu.qq.com/en/\" style=\"outline:none;color:#000000;text-decoration:none;border-bottom-width:1px;border-bottom-style:dotted;border-bottom-color:#536DA6;\">英语</a>(<a target=\"_blank\" href=\"http://class.qq.com/category/90.html\" class=\"a-tips-Article-QQ\" style=\"outline:none;color:#000000;text-decoration:none;border-bottom-width:1px;border-bottom-style:dotted;border-bottom-color:#536DA6;\">精品课</a>)为例，杨光所读的农村学校直到七年级时才开始教授英语，而张小理所就读的县城小学，早在三年级就开始教授英语了。同样的蜈村同辈，就近入学与择校之间的英语差距就是3年。\r\n</p>\r\n<p style=\"margin-top:0px;margin-bottom:29px;padding:0px;line-height:28px;font-family:宋体, Arial, sans-serif;font-size:15.9996px;white-space:normal;background-color:#FFFFFF;\">\r\n	在一次次农村学校布局变更中，多次的就近入学经历使杨光很难跟上不同学校的教学进度，也很难迅速适应不断变换的教学风格。同时，也因为进了教学质量并不好的各类农村学校，杨光在懵懵懂懂中，从“好学生”变成了现在的“差学生”。\r\n</p>\r\n<p style=\"margin-top:0px;margin-bottom:29px;padding:0px;line-height:28px;font-family:宋体, Arial, sans-serif;font-size:15.9996px;white-space:normal;background-color:#FFFFFF;\">\r\n	众所周知，从幼儿园到大学，各种层级教育空间内部质量差异甚大：越是处于行政区划序列下端的学校，教育质量越差，反之亦然。所以，因为出生地、户口所在地、家庭条件等因素而被置于行政区划不同序列节点中的个体，会因为就近入学而被国家强迫性地分流到不同质量的学校就读。而这种客观存在的学校教育质量差异，从一开始就设定了个体能否在若干年后取得成功，并实现阶层上升流动的程序。\r\n</p>\r\n<p style=\"margin-top:0px;margin-bottom:29px;padding:0px;line-height:28px;font-family:宋体, Arial, sans-serif;font-size:15.9996px;white-space:normal;background-color:#FFFFFF;\">\r\n	对于绝大多数身处农村底层家庭和城镇边缘家庭的孩子来说，就近入学所就读的学校，只会在他们的生命历程中扮演底层再生产的功能，而很难成为其阶层上升流动的通道。\r\n</p>\r\n<p style=\"margin-top:0px;margin-bottom:29px;padding:0px;line-height:28px;font-family:宋体, Arial, sans-serif;font-size:15.9996px;white-space:normal;background-color:#FFFFFF;\">\r\n	<strong>初中后的分流：普通高中、职业高中或终止学业</strong>\r\n</p>\r\n<p style=\"margin-top:0px;margin-bottom:29px;padding:0px;line-height:28px;font-family:宋体, Arial, sans-serif;font-size:15.9996px;white-space:normal;background-color:#FFFFFF;\">\r\n	事实上，教育分流中这种不公平的家庭资本关系在芥县也有明显体现。\r\n</p>\r\n<p style=\"margin-top:0px;margin-bottom:29px;padding:0px;line-height:28px;font-family:宋体, Arial, sans-serif;font-size:15.9996px;white-space:normal;background-color:#FFFFFF;\">\r\n	笔者在芥县教育局获得了2013年全县中考的录取信息表和家庭基本情况表。在这份录取表中，笔者选择了4所芥县的初中学校作为样本学校，它们分别是县城中的公办民助贵族式初中、县城普通公办初中、镇上普通初中、乡里的九年一贯制学校。\r\n</p>\r\n<p style=\"margin-top:0px;margin-bottom:29px;padding:0px;line-height:28px;font-family:宋体, Arial, sans-serif;font-size:15.9996px;white-space:normal;background-color:#FFFFFF;\">\r\n	按照等比例抽样原则，笔者在每所学校随机抽取了50个考生，按照学校提供的家庭收入情况调查表，将家庭年收入在10万元以上的划为上层、5～10万元的划为中上层、2～5万元的划分为中层、1～2万元的划为中下层、1万元以下的划为底层。\r\n</p>\r\n<p style=\"margin-top:0px;margin-bottom:29px;padding:0px;line-height:28px;font-family:宋体, Arial, sans-serif;font-size:15.9996px;white-space:normal;background-color:#FFFFFF;\">\r\n	定量研究数据发现，芥县初中生毕业后的流向与家庭所处阶层具有明显的相关性：上层子女就读市重点高中、县重点高中的比例高达66.7%和20.8%，而底层子女则没有人能入读市重点高中，仅有4%的比例入读县重点高中。底层子女入读本县职业高中的比例高达66%，终止学业的也高达22%。与之相反，上层子女则无人入读本县职业高中，也无人终止学业。另外，笔者还发现：职业中学成了中下层和底层子女绝大多数初中后的主要出路，而普通高中是中层以上子女的主要出路。\r\n</p>\r\n<p style=\"margin-top:0px;margin-bottom:29px;padding:0px;line-height:28px;font-family:宋体, Arial, sans-serif;font-size:15.9996px;white-space:normal;background-color:#FFFFFF;\">\r\n	学生在学业与升学中的不平等主要是因为文化机制，教育主要体现的是一种文化资本传递，这种传递是通过日复一日的“实践”形成的习惯。随着有技能、受过良好教育的劳动力在经济上的地位日趋重要，学校制度中的不平等现象，在一代一代地再生产，原有的阶级结构也越来越重要了。\r\n</p>\r\n<p style=\"margin-top:0px;margin-bottom:29px;padding:0px;line-height:28px;font-family:宋体, Arial, sans-serif;font-size:15.9996px;white-space:normal;background-color:#FFFFFF;\">\r\n	父母的学历所代表的学校教育成果作为文化资本，不仅在家庭里积蓄着，由子女继承下来，而且子女和家庭的升迁性流动机会在很大程度上取决于能够为子女提供怎样的学校教育机会。\r\n</p>\r\n<p style=\"margin-top:0px;margin-bottom:29px;padding:0px;line-height:28px;font-family:宋体, Arial, sans-serif;font-size:15.9996px;white-space:normal;background-color:#FFFFFF;\">\r\n	原标题：关注·底层教育梦：先天不足 后天亏损？\r\n</p>\r\n<p style=\"margin-top:0px;margin-bottom:29px;padding:0px;line-height:28px;font-family:宋体, Arial, sans-serif;font-size:15.9996px;white-space:normal;background-color:#FFFFFF;\">\r\n	<strong>难以企及的重点大学、劳动力市场分割与就业困难</strong>\r\n</p>\r\n<p style=\"margin-top:0px;margin-bottom:29px;padding:0px;line-height:28px;font-family:宋体, Arial, sans-serif;font-size:15.9996px;white-space:normal;background-color:#FFFFFF;\">\r\n	在教育层层分流与筛选的过程中，对于绝大多数底层群体而言，重点大学是可望而不可及的遥远梦想：一方面，这需要家庭持续性的长期教育投资和丰富的文化资本传递，而这两项正好是底层群体相对最为稀缺的资源。他们没有足够的经济资本可以容许子女长达数年的教育周期性积累，在子女成长最为关键的时期内，他们也没有科学的教育方式和充足的文化资本予以理性培育与有效传递，他们甚至自身也并不真正重视教育，生存理性的强大思维惯性使他们急于期待子女尽早进入到劳动力市场中去谋取即时的报酬，哪怕所获的微薄报酬甚至根本难以满足基本的日常生存所需。他们没有足够的资本去进行人力资源投资，更无法容忍这种投资所需要承担的高风险：毕业后即失业；\r\n</p>\r\n<p style=\"margin-top:0px;margin-bottom:29px;padding:0px;line-height:28px;font-family:宋体, Arial, sans-serif;font-size:15.9996px;white-space:normal;background-color:#FFFFFF;\">\r\n	另一方面，录取制度和知识考核对底层群体也极不公平。\r\n</p>\r\n<p style=\"margin-top:0px;margin-bottom:29px;padding:0px;line-height:28px;font-family:宋体, Arial, sans-serif;font-size:15.9996px;white-space:normal;background-color:#FFFFFF;\">\r\n	以英语为例，在笔者所调研的芥县云乡九年一贯制学校中，最近几年，少年们才在小学三年级开始零星接受一点英语学习，而就在几年前，因为英语老师紧缺，少年们都是要到初一才开始系统学习英语，且任教的英语老师甚至都不是英语专业出身，而是由教语文的老师兼职授课。\r\n</p>\r\n<p style=\"margin-top:0px;margin-bottom:29px;padding:0px;line-height:28px;font-family:宋体, Arial, sans-serif;font-size:15.9996px;white-space:normal;background-color:#FFFFFF;\">\r\n	双语幼儿园和各种幼儿、少年英语培训班，在芥县县城和大城市里随处可见。就连芥县经济稍微发达一点的乡镇，家庭经济条件中等以上的孩子也都从幼儿园就开始学习英语。且不论这些幼儿园英语教学专业性水平有多高，但与身处真正底层社区中的云乡少年们相比，乡镇少年的英语学习至少早了4～5年。所以，每次在全县的统一测试中，云乡八年级和九年级的少年们，仅英语一科的平均分就比全县平均分低至少30分以上，更不要说其他学科了。在最后城乡统一的升学考试残酷竞争中，他们根本无力取得一丁点儿的优势。\r\n</p>\r\n<p style=\"margin-top:0px;margin-bottom:29px;padding:0px;line-height:28px;font-family:宋体, Arial, sans-serif;font-size:15.9996px;white-space:normal;background-color:#FFFFFF;\">\r\n	这种“先天不足”与“后天更弱”的教育现实，使绝大多数底层群体早在中考前就已经和重点大学无缘了，能够考上一般普通高中的都是凤毛麟角，更不要说升入重点高中。\r\n</p>\r\n<p style=\"margin-top:0px;margin-bottom:29px;padding:0px;line-height:28px;font-family:宋体, Arial, sans-serif;font-size:15.9996px;white-space:normal;background-color:#FFFFFF;\">\r\n	底层群体在教育筛选轨道中面对比其他社会阶层更多更大的困难，但他们并没有得到制度性和社会性的弥补，反而却受到更大的歧视和挑战：\r\n</p>\r\n<p style=\"margin-top:0px;margin-bottom:29px;padding:0px;line-height:28px;font-family:宋体, Arial, sans-serif;font-size:15.9996px;white-space:normal;background-color:#FFFFFF;\">\r\n	其一，国家教材和升学知识考核的亲城逆乡性，底层群体要去学习他们根本没有生活背景和经验体悟的精密化知识符码，这与他们日常生活毫无关系。所以他们学习会比其他阶层面临更多的困难。\r\n</p>\r\n<p style=\"margin-top:0px;margin-bottom:29px;padding:0px;line-height:28px;font-family:宋体, Arial, sans-serif;font-size:15.9996px;white-space:normal;background-color:#FFFFFF;\">\r\n	其二，各种决定命运的升学考试都要到陌生的城镇中去参考，这给本身就缺乏竞争优势的底层子弟带来更大的心理挑战。\r\n</p>\r\n<p style=\"margin-top:0px;margin-bottom:29px;padding:0px;line-height:28px;font-family:宋体, Arial, sans-serif;font-size:15.9996px;white-space:normal;background-color:#FFFFFF;\">\r\n	其三，他们中的佼佼者即便幸运地进入了重点大学，但因为底层家庭社会资本的薄弱，在主要劳动力市场日益固化和排他化了的当代社会，他们又不得不流入低收入和低机会的次要劳动力市场，同时还要面对城乡、区域和行业等多重非均衡市场分割现实以及城镇新移民现实生存危机的多重挑战，这些都是“教育改变命运”事实上的无效性或低效性所必然带来的高风险底层命运。\r\n</p>\r\n<p style=\"margin-top:0px;margin-bottom:29px;padding:0px;line-height:28px;font-family:宋体, Arial, sans-serif;font-size:15.9996px;white-space:normal;background-color:#FFFFFF;\">\r\n	（文中人名、县及县以下地名均为化名。感谢东北师范大学农村教育研究所和中国农村教育发展协同创新中心提供的帮助，感谢田野工作中提供过各种帮助的人士，感谢东北师范大学教授邬志辉与作者的多次讨论）（中国青年报 为中国社会科学院社会学研究所博士后）\r\n</p>');

/*Table structure for table `edu_website_images` */

DROP TABLE IF EXISTS `edu_website_images`;

CREATE TABLE `edu_website_images` (
  `IMAGE_ID` int(11) NOT NULL AUTO_INCREMENT,
  `IMAGE_URL` varchar(200) DEFAULT '' COMMENT '图片地址',
  `LINK_ADDRESS` varchar(255) DEFAULT NULL COMMENT '图链接地址',
  `TITLE` varchar(255) DEFAULT NULL COMMENT '图标题',
  `TYPE_ID` int(11) DEFAULT '0' COMMENT '图片类型',
  `SERIES_NUMBER` int(11) DEFAULT '0' COMMENT '序列号',
  `PREVIEW_URL` varchar(255) DEFAULT NULL COMMENT '略缩图片地址',
  `publish_time` date DEFAULT NULL COMMENT '发布时间',
  `describe` varchar(5000) DEFAULT '' COMMENT '图片描述',
  `WEBPAGE_TEMPLATE_ID` int(11) DEFAULT NULL COMMENT '页面模板id',
  PRIMARY KEY (`IMAGE_ID`)
) ENGINE=InnoDB AUTO_INCREMENT=2870 DEFAULT CHARSET=utf8 ROW_FORMAT=COMPACT COMMENT='banner图管理';

/*Data for the table `edu_website_images` */

insert  into `edu_website_images`(`IMAGE_ID`,`IMAGE_URL`,`LINK_ADDRESS`,`TITLE`,`TYPE_ID`,`SERIES_NUMBER`,`PREVIEW_URL`,`publish_time`,`describe`,`WEBPAGE_TEMPLATE_ID`) values (1258,'/images/upload/template_data_image/20161018/1476753238493.jpg',NULL,'因酷时代',0,1,NULL,NULL,'亲爱的酷头们，感谢大家一直以来的关注和支持，因酷时代网校系统、慕课系统、考试系统功能于9月1/因酷时代',4091),(1259,'/images/upload/template_data_image/20161018/1476754870082.jpg',NULL,'因酷时代',0,2,NULL,NULL,'亲爱的酷头们，感谢大家一直以来的关注和支持，因酷时代网校系统、慕课系统、考试/因酷时代',4091),(1260,'/images/upload/template_data_image/20161018/1476756417520.jpg',NULL,'酷时代',0,3,NULL,NULL,'亲爱的酷头们，感谢大家一直以来的关注和支持/酷时代',4091),(1261,'/images/upload/template_data_image/20161018/1476756870729.jpg',NULL,'因酷',0,4,NULL,NULL,'亲爱的酷头们，感谢大家一直以来的关注和支持/因酷',4091),(1262,'/images/upload/template_data_image/20161018/1476757391646.jpg',NULL,'因酷时代',0,5,NULL,NULL,'亲爱的酷头们，感谢大家一直以来的关注和支持/因酷时代',4091),(1263,'/images/upload/template_data_image/20161018/1476771896043.png',NULL,'视频流畅点播课程',0,1,NULL,NULL,'提供专业的学习体验，绝不仅是视频浏览，还包含课程大纲、自动上次播放、收藏、评论打分等功能……',4095),(1264,'/images/upload/template_data_image/20161018/1476771946359.png',NULL,'在线互动视频直播课程',0,2,NULL,NULL,'第一时间，精彩在线直播公共互动学习，实时互动网络课堂支持直播路径发布式接入……',4095),(1265,'/images/upload/template_data_image/20161018/1476771968377.png',NULL,'丰富的学习套餐课程',0,3,NULL,NULL,'成套的、系列化的课程套餐，为你查缺补漏、系统学习提供帮助提高学习效率。套餐种类比较多……',4095),(1266,'/images/upload/template_data_image/20161018/1476771993595.png',NULL,'互动式在线问答平台',0,4,NULL,NULL,'在线问答，顶级专业名师，答疑解惑。这也是一个互动知识分享平台。根据自身需求提出问题……',4095),(1267,'/images/upload/template_data_image/20161018/1476772027040.png',NULL,'在线学习图书中心',0,5,NULL,NULL,'小而全的在线学习图书中心。致力于传播精品图书，为用户提供集阅读、写作、评书、购书的一站式服务……',4095),(1268,'/images/upload/template_data_image/20161018/1476772051203.png',NULL,'在线文库实用知识库',0,6,NULL,NULL,'在线互动式文档分享平台，在这里你可以阅读或免费下载百万优质文档。以开放共享的方式……',4095),(1269,'/images/upload/template_data_image/20161018/1476753238493.jpg',NULL,'因酷时代',0,1,NULL,NULL,'亲爱的酷头们，感谢大家一直以来的关注和支持，因酷时代网校系统、慕课系统、考试系统功能于9月1/因酷时代',4096),(1270,'/images/upload/template_data_image/20161018/1476754870082.jpg',NULL,'因酷时代',0,2,NULL,NULL,'亲爱的酷头们，感谢大家一直以来的关注和支持，因酷时代网校系统、慕课系统、考试/因酷时代',4096),(1271,'/images/upload/template_data_image/20161018/1476756417520.jpg',NULL,'酷时代',0,3,NULL,NULL,'亲爱的酷头们，感谢大家一直以来的关注和支持/酷时代',4096),(1272,'/images/upload/template_data_image/20161018/1476756870729.jpg',NULL,'因酷',0,4,NULL,NULL,'亲爱的酷头们，感谢大家一直以来的关注和支持/因酷',4096),(1273,'/images/upload/template_data_image/20161018/1476757391646.jpg',NULL,'因酷时代',0,5,NULL,NULL,'亲爱的酷头们，感谢大家一直以来的关注和支持/因酷时代',4096),(1274,'/images/upload/template_data_image/20161018/1476753238493.jpg',NULL,'因酷时代',0,1,NULL,NULL,'亲爱的酷头们，感谢大家一直以来的关注和支持，因酷时代网校系统、慕课系统、考试系统功能于9月1/因酷时代',4097),(1275,'/images/upload/template_data_image/20161018/1476754870082.jpg',NULL,'因酷时代',0,2,NULL,NULL,'亲爱的酷头们，感谢大家一直以来的关注和支持，因酷时代网校系统、慕课系统、考试/因酷时代',4097),(1276,'/images/upload/template_data_image/20161018/1476756417520.jpg',NULL,'酷时代',0,3,NULL,NULL,'亲爱的酷头们，感谢大家一直以来的关注和支持/酷时代',4097),(1277,'/images/upload/template_data_image/20161018/1476756870729.jpg',NULL,'因酷',0,4,NULL,NULL,'亲爱的酷头们，感谢大家一直以来的关注和支持/因酷',4097),(1278,'/images/upload/template_data_image/20161018/1476757391646.jpg',NULL,'因酷时代',0,5,NULL,NULL,'亲爱的酷头们，感谢大家一直以来的关注和支持/因酷时代',4097),(1284,'/images/upload/template_data_image/20161018/1476753238493.jpg','','因酷时代',0,1,'','2016-11-02','亲爱的酷头们，感谢大家一直以来的关注和支持，因酷时代网校系统、慕课系统、考试系统功能于9月1/因酷时代',4098),(1285,'/images/upload/template_data_image/20161018/1476754870082.jpg','','因酷时代',0,2,'','2016-11-02','亲爱的酷头们，感谢大家一直以来的关注和支持，因酷时代网校系统、慕课系统、考试/因酷时代',4098),(1286,'/images/upload/template_data_image/20161018/1476756417520.jpg','','酷时代',0,3,'','2016-11-02','亲爱的酷头们，感谢大家一直以来的关注和支持/酷时代',4098),(1287,'/images/upload/template_data_image/20161018/1476756870729.jpg','','因酷',0,4,'','2016-11-02','亲爱的酷头们，感谢大家一直以来的关注和支持/因酷',4098),(1288,'/images/upload/template_data_image/20161018/1476757391646.jpg','','因酷时代',0,5,'','2016-11-02','亲爱的酷头们，感谢大家一直以来的关注和支持/因酷时代',4098),(1289,'/images/upload/template_data_image/20161018/1476753238493.jpg',NULL,'因酷时代',0,1,NULL,NULL,'亲爱的酷头们，感谢大家一直以来的关注和支持，因酷时代网校系统、慕课系统、考试系统功能于9月1/因酷时代',4099),(1290,'/images/upload/template_data_image/20161018/1476754870082.jpg',NULL,'因酷时代',0,2,NULL,NULL,'亲爱的酷头们，感谢大家一直以来的关注和支持，因酷时代网校系统、慕课系统、考试/因酷时代',4099),(1291,'/images/upload/template_data_image/20161018/1476756417520.jpg',NULL,'酷时代',0,3,NULL,NULL,'亲爱的酷头们，感谢大家一直以来的关注和支持/酷时代',4099),(1292,'/images/upload/template_data_image/20161018/1476756870729.jpg',NULL,'因酷',0,4,NULL,NULL,'亲爱的酷头们，感谢大家一直以来的关注和支持/因酷',4099),(1293,'/images/upload/template_data_image/20161018/1476757391646.jpg',NULL,'因酷时代',0,5,NULL,NULL,'亲爱的酷头们，感谢大家一直以来的关注和支持/因酷时代',4099),(1294,'/images/upload/template_data_image/20161018/1476753238493.jpg',NULL,'因酷时代',0,1,NULL,NULL,'亲爱的酷头们，感谢大家一直以来的关注和支持，因酷时代网校系统、慕课系统、考试系统功能于9月1/因酷时代',4100),(1295,'/images/upload/template_data_image/20161018/1476754870082.jpg',NULL,'因酷时代',0,2,NULL,NULL,'亲爱的酷头们，感谢大家一直以来的关注和支持，因酷时代网校系统、慕课系统、考试/因酷时代',4100),(1296,'/images/upload/template_data_image/20161018/1476756417520.jpg',NULL,'酷时代',0,3,NULL,NULL,'亲爱的酷头们，感谢大家一直以来的关注和支持/酷时代',4100),(1297,'/images/upload/template_data_image/20161018/1476756870729.jpg',NULL,'因酷',0,4,NULL,NULL,'亲爱的酷头们，感谢大家一直以来的关注和支持/因酷',4100),(1298,'/images/upload/template_data_image/20161018/1476757391646.jpg',NULL,'因酷时代',0,5,NULL,NULL,'亲爱的酷头们，感谢大家一直以来的关注和支持/因酷时代',4100),(1299,'/images/upload/template_data_image/20161018/1476753238493.jpg',NULL,'因酷时代',0,1,NULL,NULL,'亲爱的酷头们，感谢大家一直以来的关注和支持，因酷时代网校系统、慕课系统、考试系统功能于9月1/因酷时代',4101),(1300,'/images/upload/template_data_image/20161018/1476754870082.jpg',NULL,'因酷时代',0,2,NULL,NULL,'亲爱的酷头们，感谢大家一直以来的关注和支持，因酷时代网校系统、慕课系统、考试/因酷时代',4101),(1301,'/images/upload/template_data_image/20161018/1476756417520.jpg',NULL,'酷时代',0,3,NULL,NULL,'亲爱的酷头们，感谢大家一直以来的关注和支持/酷时代',4101),(1302,'/images/upload/template_data_image/20161018/1476756870729.jpg',NULL,'因酷',0,4,NULL,NULL,'亲爱的酷头们，感谢大家一直以来的关注和支持/因酷',4101),(1303,'/images/upload/template_data_image/20161018/1476757391646.jpg',NULL,'因酷时代',0,5,NULL,NULL,'亲爱的酷头们，感谢大家一直以来的关注和支持/因酷时代',4101),(1304,'/images/upload/template_data_image/20161018/1476753238493.jpg',NULL,'因酷时代',0,1,NULL,NULL,'亲爱的酷头们，感谢大家一直以来的关注和支持，因酷时代网校系统、慕课系统、考试系统功能于9月1/因酷时代',4102),(1305,'/images/upload/template_data_image/20161018/1476754870082.jpg',NULL,'因酷时代',0,2,NULL,NULL,'亲爱的酷头们，感谢大家一直以来的关注和支持，因酷时代网校系统、慕课系统、考试/因酷时代',4102),(1306,'/images/upload/template_data_image/20161018/1476756417520.jpg',NULL,'酷时代',0,3,NULL,NULL,'亲爱的酷头们，感谢大家一直以来的关注和支持/酷时代',4102),(1307,'/images/upload/template_data_image/20161018/1476756870729.jpg',NULL,'因酷',0,4,NULL,NULL,'亲爱的酷头们，感谢大家一直以来的关注和支持/因酷',4102),(1308,'/images/upload/template_data_image/20161018/1476757391646.jpg',NULL,'因酷时代',0,5,NULL,NULL,'亲爱的酷头们，感谢大家一直以来的关注和支持/因酷时代',4102),(1309,'/images/upload/template_data_image/20161018/1476753238493.jpg',NULL,'因酷时代',0,1,NULL,NULL,'亲爱的酷头们，感谢大家一直以来的关注和支持，因酷时代网校系统、慕课系统、考试系统功能于9月1/因酷时代',4103),(1310,'/images/upload/template_data_image/20161018/1476754870082.jpg',NULL,'因酷时代',0,2,NULL,NULL,'亲爱的酷头们，感谢大家一直以来的关注和支持，因酷时代网校系统、慕课系统、考试/因酷时代',4103),(1311,'/images/upload/template_data_image/20161018/1476756417520.jpg',NULL,'酷时代',0,3,NULL,NULL,'亲爱的酷头们，感谢大家一直以来的关注和支持/酷时代',4103),(1312,'/images/upload/template_data_image/20161018/1476756870729.jpg',NULL,'因酷',0,4,NULL,NULL,'亲爱的酷头们，感谢大家一直以来的关注和支持/因酷',4103),(1313,'/images/upload/template_data_image/20161018/1476757391646.jpg',NULL,'因酷时代',0,5,NULL,NULL,'亲爱的酷头们，感谢大家一直以来的关注和支持/因酷时代',4103),(1314,'/images/upload/template_data_image/20161018/1476753238493.jpg',NULL,'因酷时代',0,1,NULL,NULL,'亲爱的酷头们，感谢大家一直以来的关注和支持，因酷时代网校系统、慕课系统、考试系统功能于9月1/因酷时代',4104),(1315,'/images/upload/template_data_image/20161018/1476754870082.jpg',NULL,'因酷时代',0,2,NULL,NULL,'亲爱的酷头们，感谢大家一直以来的关注和支持，因酷时代网校系统、慕课系统、考试/因酷时代',4104),(1316,'/images/upload/template_data_image/20161018/1476756417520.jpg',NULL,'酷时代',0,3,NULL,NULL,'亲爱的酷头们，感谢大家一直以来的关注和支持/酷时代',4104),(1317,'/images/upload/template_data_image/20161018/1476756870729.jpg',NULL,'因酷',0,4,NULL,NULL,'亲爱的酷头们，感谢大家一直以来的关注和支持/因酷',4104),(1318,'/images/upload/template_data_image/20161018/1476757391646.jpg',NULL,'因酷时代',0,5,NULL,NULL,'亲爱的酷头们，感谢大家一直以来的关注和支持/因酷时代',4104),(1319,'/images/upload/template_data_image/20161018/1476753238493.jpg',NULL,'因酷时代',0,1,NULL,NULL,'亲爱的酷头们，感谢大家一直以来的关注和支持，因酷时代网校系统、慕课系统、考试系统功能于9月1/因酷时代',4105),(1320,'/images/upload/template_data_image/20161018/1476754870082.jpg',NULL,'因酷时代',0,2,NULL,NULL,'亲爱的酷头们，感谢大家一直以来的关注和支持，因酷时代网校系统、慕课系统、考试/因酷时代',4105),(1321,'/images/upload/template_data_image/20161018/1476756417520.jpg',NULL,'酷时代',0,3,NULL,NULL,'亲爱的酷头们，感谢大家一直以来的关注和支持/酷时代',4105),(1322,'/images/upload/template_data_image/20161018/1476756870729.jpg',NULL,'因酷',0,4,NULL,NULL,'亲爱的酷头们，感谢大家一直以来的关注和支持/因酷',4105),(1323,'/images/upload/template_data_image/20161018/1476757391646.jpg',NULL,'因酷时代',0,5,NULL,NULL,'亲爱的酷头们，感谢大家一直以来的关注和支持/因酷时代',4105),(1324,'/images/upload/template_data_image/20161017/1476684580430.jpg',NULL,'陈晓薇',0,1,NULL,NULL,'北京师范大学法学院副教授',4107),(1325,'/images/upload/template_data_image/20161017/1476684594068.jpg',NULL,'李小梅',0,2,NULL,NULL,'资深课程设计专家，专注10年AACTP美国培训协会认证导师',4107),(1326,'/images/upload/template_data_image/20161017/1476684605036.jpg',NULL,'李立',0,4,NULL,NULL,'上海师范大学法学院副教授',4107),(1327,'/images/upload/template_data_image/20161017/1476684615568.jpg',NULL,'潘新强',0,6,NULL,NULL,'考研政治辅导实战派专家，全国考研政治命题研究组核心成员。',4107),(1328,'/images/upload/template_data_image/20161017/1476684580430.jpg',NULL,'陈晓薇',0,1,NULL,NULL,'北京师范大学法学院副教授',4108),(1329,'/images/upload/template_data_image/20161017/1476684594068.jpg',NULL,'李小梅',0,2,NULL,NULL,'资深课程设计专家，专注10年AACTP美国培训协会认证导师',4108),(1330,'/images/upload/template_data_image/20161017/1476684605036.jpg',NULL,'李立',0,4,NULL,NULL,'上海师范大学法学院副教授',4108),(1331,'/images/upload/template_data_image/20161017/1476684615568.jpg',NULL,'潘新强',0,6,NULL,NULL,'考研政治辅导实战派专家，全国考研政治命题研究组核心成员。',4108),(1332,'/images/upload/template_data_image/20161017/1476684580430.jpg',NULL,'陈晓薇',0,1,NULL,NULL,'北京师范大学法学院副教授',4109),(1333,'/images/upload/template_data_image/20161017/1476684594068.jpg',NULL,'李小梅',0,2,NULL,NULL,'资深课程设计专家，专注10年AACTP美国培训协会认证导师',4109),(1334,'/images/upload/template_data_image/20161017/1476684605036.jpg',NULL,'李立',0,4,NULL,NULL,'上海师范大学法学院副教授',4109),(1335,'/images/upload/template_data_image/20161017/1476684615568.jpg',NULL,'潘新强',0,6,NULL,NULL,'考研政治辅导实战派专家，全国考研政治命题研究组核心成员。',4109),(1336,'/images/upload/template_data_image/20161017/1476684580430.jpg',NULL,'陈晓薇',0,1,NULL,NULL,'北京师范大学法学院副教授',4110),(1337,'/images/upload/template_data_image/20161017/1476684594068.jpg',NULL,'李小梅',0,2,NULL,NULL,'资深课程设计专家，专注10年AACTP美国培训协会认证导师',4110),(1338,'/images/upload/template_data_image/20161017/1476684605036.jpg',NULL,'李立',0,4,NULL,NULL,'上海师范大学法学院副教授',4110),(1339,'/images/upload/template_data_image/20161017/1476684615568.jpg',NULL,'潘新强',0,6,NULL,NULL,'考研政治辅导实战派专家，全国考研政治命题研究组核心成员。',4110),(1340,'/images/upload/template_data_image/20161017/1476684580430.jpg',NULL,'陈晓薇',0,1,NULL,NULL,'北京师范大学法学院副教授',4111),(1341,'/images/upload/template_data_image/20161017/1476684594068.jpg',NULL,'李小梅',0,2,NULL,NULL,'资深课程设计专家，专注10年AACTP美国培训协会认证导师',4111),(1342,'/images/upload/template_data_image/20161017/1476684605036.jpg',NULL,'李立',0,4,NULL,NULL,'上海师范大学法学院副教授',4111),(1343,'/images/upload/template_data_image/20161017/1476684615568.jpg',NULL,'潘新强',0,6,NULL,NULL,'考研政治辅导实战派专家，全国考研政治命题研究组核心成员。',4111),(1344,'/images/upload/template_data_image/20161017/1476684580430.jpg',NULL,'陈晓薇',0,1,NULL,NULL,'北京师范大学法学院副教授',4112),(1345,'/images/upload/template_data_image/20161017/1476684594068.jpg',NULL,'李小梅',0,2,NULL,NULL,'资深课程设计专家，专注10年AACTP美国培训协会认证导师',4112),(1346,'/images/upload/template_data_image/20161017/1476684605036.jpg',NULL,'李立',0,4,NULL,NULL,'上海师范大学法学院副教授',4112),(1347,'/images/upload/template_data_image/20161017/1476684615568.jpg',NULL,'潘新强',0,6,NULL,NULL,'考研政治辅导实战派专家，全国考研政治命题研究组核心成员。',4112),(1348,'/images/upload/template_data_image/20161017/1476684580430.jpg',NULL,'陈晓薇',0,1,NULL,NULL,'北京师范大学法学院副教授',4113),(1349,'/images/upload/template_data_image/20161017/1476684594068.jpg',NULL,'李小梅',0,2,NULL,NULL,'资深课程设计专家，专注10年AACTP美国培训协会认证导师',4113),(1350,'/images/upload/template_data_image/20161017/1476684605036.jpg',NULL,'李立',0,4,NULL,NULL,'上海师范大学法学院副教授',4113),(1351,'/images/upload/template_data_image/20161017/1476684615568.jpg',NULL,'潘新强',0,6,NULL,NULL,'考研政治辅导实战派专家，全国考研政治命题研究组核心成员。',4113),(1352,'/images/upload/template_data_image/20161017/1476684580430.jpg',NULL,'陈晓薇',0,1,NULL,NULL,'北京师范大学法学院副教授',4114),(1353,'/images/upload/template_data_image/20161017/1476684594068.jpg',NULL,'李小梅',0,2,NULL,NULL,'资深课程设计专家，专注10年AACTP美国培训协会认证导师',4114),(1354,'/images/upload/template_data_image/20161017/1476684605036.jpg',NULL,'李立',0,4,NULL,NULL,'上海师范大学法学院副教授',4114),(1355,'/images/upload/template_data_image/20161017/1476684615568.jpg',NULL,'潘新强',0,6,NULL,NULL,'考研政治辅导实战派专家，全国考研政治命题研究组核心成员。',4114),(1356,'/images/upload/template_data_image/20161017/1476684580430.jpg',NULL,'陈晓薇',0,1,NULL,NULL,'北京师范大学法学院副教授',4115),(1357,'/images/upload/template_data_image/20161017/1476684594068.jpg',NULL,'李小梅',0,2,NULL,NULL,'资深课程设计专家，专注10年AACTP美国培训协会认证导师',4115),(1358,'/images/upload/template_data_image/20161017/1476684605036.jpg',NULL,'李立',0,4,NULL,NULL,'上海师范大学法学院副教授',4115),(1359,'/images/upload/template_data_image/20161017/1476684615568.jpg',NULL,'潘新强',0,6,NULL,NULL,'考研政治辅导实战派专家，全国考研政治命题研究组核心成员。',4115),(1360,'/images/upload/template_data_image/20161017/1476684580430.jpg',NULL,'陈晓薇',0,1,NULL,NULL,'北京师范大学法学院副教授',4116),(1361,'/images/upload/template_data_image/20161017/1476684594068.jpg',NULL,'李小梅',0,2,NULL,NULL,'资深课程设计专家，专注10年AACTP美国培训协会认证导师',4116),(1362,'/images/upload/template_data_image/20161017/1476684605036.jpg',NULL,'李立',0,4,NULL,NULL,'上海师范大学法学院副教授',4116),(1363,'/images/upload/template_data_image/20161017/1476684615568.jpg',NULL,'潘新强',0,6,NULL,NULL,'考研政治辅导实战派专家，全国考研政治命题研究组核心成员。',4116),(1364,'/images/upload/template_data_image/20161017/1476684580430.jpg',NULL,'陈晓薇',0,1,NULL,NULL,'北京师范大学法学院副教授',4117),(1365,'/images/upload/template_data_image/20161017/1476684594068.jpg',NULL,'李小梅',0,2,NULL,NULL,'资深课程设计专家，专注10年AACTP美国培训协会认证导师',4117),(1366,'/images/upload/template_data_image/20161017/1476684605036.jpg',NULL,'李立',0,4,NULL,NULL,'上海师范大学法学院副教授',4117),(1367,'/images/upload/template_data_image/20161017/1476684615568.jpg',NULL,'潘新强',0,6,NULL,NULL,'考研政治辅导实战派专家，全国考研政治命题研究组核心成员。',4117),(1368,'/images/upload/template_data_image/20161017/1476684580430.jpg',NULL,'陈晓薇',0,1,NULL,NULL,'北京师范大学法学院副教授',4118),(1369,'/images/upload/template_data_image/20161017/1476684594068.jpg',NULL,'李小梅',0,2,NULL,NULL,'资深课程设计专家，专注10年AACTP美国培训协会认证导师',4118),(1370,'/images/upload/template_data_image/20161017/1476684605036.jpg',NULL,'李立',0,4,NULL,NULL,'上海师范大学法学院副教授',4118),(1371,'/images/upload/template_data_image/20161017/1476684615568.jpg',NULL,'潘新强',0,6,NULL,NULL,'考研政治辅导实战派专家，全国考研政治命题研究组核心成员。',4118),(1372,'/images/upload/template_data_image/20161017/1476684580430.jpg',NULL,'陈晓薇',0,1,NULL,NULL,'北京师范大学法学院副教授',4119),(1373,'/images/upload/template_data_image/20161017/1476684594068.jpg',NULL,'李小梅',0,2,NULL,NULL,'资深课程设计专家，专注10年AACTP美国培训协会认证导师',4119),(1374,'/images/upload/template_data_image/20161017/1476684605036.jpg',NULL,'李立',0,4,NULL,NULL,'上海师范大学法学院副教授',4119),(1375,'/images/upload/template_data_image/20161017/1476684615568.jpg',NULL,'潘新强',0,6,NULL,NULL,'考研政治辅导实战派专家，全国考研政治命题研究组核心成员。',4119),(1376,'/images/upload/template_data_image/20161017/1476684580430.jpg',NULL,'陈晓薇',0,1,NULL,NULL,'北京师范大学法学院副教授',4120),(1377,'/images/upload/template_data_image/20161017/1476684594068.jpg',NULL,'李小梅',0,2,NULL,NULL,'资深课程设计专家，专注10年AACTP美国培训协会认证导师',4120),(1378,'/images/upload/template_data_image/20161017/1476684605036.jpg',NULL,'李立',0,4,NULL,NULL,'上海师范大学法学院副教授',4120),(1379,'/images/upload/template_data_image/20161017/1476684615568.jpg',NULL,'潘新强',0,6,NULL,NULL,'考研政治辅导实战派专家，全国考研政治命题研究组核心成员。',4120),(1383,'/images/upload/template_data_image/20161031/1477877351246.jpg',NULL,'企业文化',0,1,NULL,NULL,'我们怀揣梦想，愿与大家携手，“以开源节流”为宗旨，服务与更多的中小型教育机构和个人，力争借助高速增长的国内互联网在线教育，开拓出领先的在线教育方式。',4128),(1384,'/images/upload/template_data_image/20161031/1477877391345.jpg',NULL,'企业精神',0,2,NULL,NULL,'我们怀揣梦想，愿与大家携手，“以开源节流”为宗旨，服务与更多的中小型教育机构和个人，力争借助高速增长的国内互联网在线教育，开拓出领先的在线教育方式。',4128),(1385,'/images/upload/template_data_image/20161031/1477877410487.jpg',NULL,'我的发展',0,3,NULL,NULL,'我们怀揣梦想，愿与大家携手，“以开源节流”为宗旨，服务与更多的中小型教育机构和个人，力争借助高速增长的国内互联网在线教育，开拓出领先的在线教育方式。',4128),(1386,'/images/upload/template_data_image/20161031/1477877432969.jpg',NULL,'我得目标',0,4,NULL,NULL,'我们怀揣梦想，愿与大家携手，“以开源节流”为宗旨，服务与更多的中小型教育机构和个人，力争借助高速增长的国内互联网在线教育，开拓出领先的在线教育方式。',4128),(1416,'/images/upload/image/20161011/1476170790025.png',NULL,'一站签约在线支付',0,1,NULL,NULL,'1北京因酷时代科技有限公司是国内领先的开源在线教育基础服务提供商。我们是一个优秀的团队，成员全部都服务过业内互联网大公司，有着5-10年以上互联网经验。我们专注在线教育基础服务，开发出符合互联网发展潮流接地气儿的在线教育产品。我们免费，我们专心做在线教育开源产品。',4207),(1417,'/images/upload/image/20161011/1476170825250.png',NULL,'多种在线登录方式',0,2,NULL,NULL,'2北京因酷时代科技有限公司是国内领先的开源在线教育基础服务提供商。我们是一个优秀的团队，成员全部都服务过业内互联网大公司，有着5-10年以上互联网经验。我们专注在线教育基础服务，开发出符合互联网发展潮流接地气儿的在线教育产品。我们免费，我们专心做在线教育开源产品。',4207),(1418,'/images/upload/image/20161011/1476170956795.png',NULL,'网站配置化管理',0,3,NULL,NULL,'3北京因酷时代科技有限公司是国内领先的开源在线教育基础服务提供商。我们是一个优秀的团队，成员全部都服务过业内互联网大公司，有着5-10年以上互联网经验。我们专注在线教育基础服务，开发出符合互联网发展潮流接地气儿的在线教育产品。我们免费，我们专心做在线教育开源产品。',4207),(1419,'/images/upload/image/20161011/1476171009686.png',NULL,'独立域名专属网校',0,4,NULL,NULL,'4北京因酷时代科技有限公司是国内领先的开源在线教育基础服务提供商。我们是一个优秀的团队，成员全部都服务过业内互联网大公司，有着5-10年以上互联网经验。我们专注在线教育基础服务，开发出符合互联网发展潮流接地气儿的在线教育产品。我们免费，我们专心做在线教育开源产品。',4207),(1420,'/images/upload/image/20161011/1476171111412.png',NULL,'支持开源服务',0,5,NULL,NULL,'5北京因酷时代科技有限公司是国内领先的开源在线教育基础服务提供商。我们是一个优秀的团队，成员全部都服务过业内互联网大公司，有着5-10年以上互联网经验。我们专注在线教育基础服务，开发出符合互联网发展潮流接地气儿的在线教育产品。我们免费，我们专心做在线教育开源产品。',4207),(1421,'/images/upload/image/20161011/1476178846940.png',NULL,'师资雄厚',19,1,NULL,NULL,'',4208),(1422,'/images/upload/image/20161011/1476178870455.png',NULL,'技术精湛',19,2,NULL,NULL,'',4208),(1423,'/images/upload/image/20161011/1476178890875.png',NULL,'理念超前',19,3,NULL,NULL,'',4208),(1424,'/images/upload/image/20161011/1476178909602.png',NULL,'专业解惑',19,4,NULL,NULL,'',4208),(1425,'/images/upload/image/20161011/1476170790025.png',NULL,'一站签约在线支付',0,1,NULL,NULL,'1北京因酷时代科技有限公司是国内领先的开源在线教育基础服务提供商。我们是一个优秀的团队，成员全部都服务过业内互联网大公司，有着5-10年以上互联网经验。我们专注在线教育基础服务，开发出符合互联网发展潮流接地气儿的在线教育产品。我们免费，我们专心做在线教育开源产品。',4209),(1426,'/images/upload/image/20161011/1476170825250.png',NULL,'多种在线登录方式',0,2,NULL,NULL,'2北京因酷时代科技有限公司是国内领先的开源在线教育基础服务提供商。我们是一个优秀的团队，成员全部都服务过业内互联网大公司，有着5-10年以上互联网经验。我们专注在线教育基础服务，开发出符合互联网发展潮流接地气儿的在线教育产品。我们免费，我们专心做在线教育开源产品。',4209),(1427,'/images/upload/image/20161011/1476170956795.png',NULL,'网站配置化管理',0,3,NULL,NULL,'3北京因酷时代科技有限公司是国内领先的开源在线教育基础服务提供商。我们是一个优秀的团队，成员全部都服务过业内互联网大公司，有着5-10年以上互联网经验。我们专注在线教育基础服务，开发出符合互联网发展潮流接地气儿的在线教育产品。我们免费，我们专心做在线教育开源产品。',4209),(1428,'/images/upload/image/20161011/1476171009686.png',NULL,'独立域名专属网校',0,4,NULL,NULL,'4北京因酷时代科技有限公司是国内领先的开源在线教育基础服务提供商。我们是一个优秀的团队，成员全部都服务过业内互联网大公司，有着5-10年以上互联网经验。我们专注在线教育基础服务，开发出符合互联网发展潮流接地气儿的在线教育产品。我们免费，我们专心做在线教育开源产品。',4209),(1429,'/images/upload/image/20161011/1476171111412.png',NULL,'支持开源服务',0,5,NULL,NULL,'5北京因酷时代科技有限公司是国内领先的开源在线教育基础服务提供商。我们是一个优秀的团队，成员全部都服务过业内互联网大公司，有着5-10年以上互联网经验。我们专注在线教育基础服务，开发出符合互联网发展潮流接地气儿的在线教育产品。我们免费，我们专心做在线教育开源产品。',4209),(1430,'/images/upload/image/20161011/1476170790025.png',NULL,'一站签约在线支付',0,1,NULL,NULL,'1北京因酷时代科技有限公司是国内领先的开源在线教育基础服务提供商。我们是一个优秀的团队，成员全部都服务过业内互联网大公司，有着5-10年以上互联网经验。我们专注在线教育基础服务，开发出符合互联网发展潮流接地气儿的在线教育产品。我们免费，我们专心做在线教育开源产品。',4211),(1431,'/images/upload/image/20161011/1476170825250.png',NULL,'多种在线登录方式',0,2,NULL,NULL,'2北京因酷时代科技有限公司是国内领先的开源在线教育基础服务提供商。我们是一个优秀的团队，成员全部都服务过业内互联网大公司，有着5-10年以上互联网经验。我们专注在线教育基础服务，开发出符合互联网发展潮流接地气儿的在线教育产品。我们免费，我们专心做在线教育开源产品。',4211),(1432,'/images/upload/image/20161011/1476170956795.png',NULL,'网站配置化管理',0,3,NULL,NULL,'3北京因酷时代科技有限公司是国内领先的开源在线教育基础服务提供商。我们是一个优秀的团队，成员全部都服务过业内互联网大公司，有着5-10年以上互联网经验。我们专注在线教育基础服务，开发出符合互联网发展潮流接地气儿的在线教育产品。我们免费，我们专心做在线教育开源产品。',4211),(1433,'/images/upload/image/20161011/1476171009686.png',NULL,'独立域名专属网校',0,4,NULL,NULL,'4北京因酷时代科技有限公司是国内领先的开源在线教育基础服务提供商。我们是一个优秀的团队，成员全部都服务过业内互联网大公司，有着5-10年以上互联网经验。我们专注在线教育基础服务，开发出符合互联网发展潮流接地气儿的在线教育产品。我们免费，我们专心做在线教育开源产品。',4211),(1434,'/images/upload/image/20161011/1476171111412.png',NULL,'支持开源服务',0,5,NULL,NULL,'5北京因酷时代科技有限公司是国内领先的开源在线教育基础服务提供商。我们是一个优秀的团队，成员全部都服务过业内互联网大公司，有着5-10年以上互联网经验。我们专注在线教育基础服务，开发出符合互联网发展潮流接地气儿的在线教育产品。我们免费，我们专心做在线教育开源产品。',4211),(1435,'/images/upload/image/20161011/1476170790025.png',NULL,'一站签约在线支付',0,1,NULL,NULL,'1北京因酷时代科技有限公司是国内领先的开源在线教育基础服务提供商。我们是一个优秀的团队，成员全部都服务过业内互联网大公司，有着5-10年以上互联网经验。我们专注在线教育基础服务，开发出符合互联网发展潮流接地气儿的在线教育产品。我们免费，我们专心做在线教育开源产品。',4212),(1436,'/images/upload/image/20161011/1476170825250.png',NULL,'多种在线登录方式',0,2,NULL,NULL,'2北京因酷时代科技有限公司是国内领先的开源在线教育基础服务提供商。我们是一个优秀的团队，成员全部都服务过业内互联网大公司，有着5-10年以上互联网经验。我们专注在线教育基础服务，开发出符合互联网发展潮流接地气儿的在线教育产品。我们免费，我们专心做在线教育开源产品。',4212),(1437,'/images/upload/image/20161011/1476170956795.png',NULL,'网站配置化管理',0,3,NULL,NULL,'3北京因酷时代科技有限公司是国内领先的开源在线教育基础服务提供商。我们是一个优秀的团队，成员全部都服务过业内互联网大公司，有着5-10年以上互联网经验。我们专注在线教育基础服务，开发出符合互联网发展潮流接地气儿的在线教育产品。我们免费，我们专心做在线教育开源产品。',4212),(1438,'/images/upload/image/20161011/1476171009686.png',NULL,'独立域名专属网校',0,4,NULL,NULL,'4北京因酷时代科技有限公司是国内领先的开源在线教育基础服务提供商。我们是一个优秀的团队，成员全部都服务过业内互联网大公司，有着5-10年以上互联网经验。我们专注在线教育基础服务，开发出符合互联网发展潮流接地气儿的在线教育产品。我们免费，我们专心做在线教育开源产品。',4212),(1439,'/images/upload/image/20161011/1476171111412.png',NULL,'支持开源服务',0,5,NULL,NULL,'5北京因酷时代科技有限公司是国内领先的开源在线教育基础服务提供商。我们是一个优秀的团队，成员全部都服务过业内互联网大公司，有着5-10年以上互联网经验。我们专注在线教育基础服务，开发出符合互联网发展潮流接地气儿的在线教育产品。我们免费，我们专心做在线教育开源产品。',4212),(1442,'/images/upload/template_data_image/20161018/1476772685013.jpg','','',0,1,'','2016-11-03','',4227),(1509,'/images/upload/template_data_image/20161018/1476753238493.jpg','','因酷时代',0,1,'','2016-11-03','亲爱的酷头们，感谢大家一直以来的关注和支持，因酷时代网校系统、慕课系统、考试系统功能于9月1/因酷时代/2016.06.21',4289),(1510,'/images/upload/template_data_image/20161018/1476754870082.jpg','','因酷时代',0,2,'','2016-11-03','亲爱的酷头们，感谢大家一直以来的关注和支持，因酷时代网校系统、慕课系统、考试/因酷时代/2016.06.20',4289),(1511,'/images/upload/template_data_image/20161018/1476756417520.jpg','','酷时代',0,3,'','2016-11-03','亲爱的酷头们，感谢大家一直以来的关注和支持/酷时代/2016.06.22',4289),(1512,'/images/upload/template_data_image/20161018/1476756870729.jpg','','因酷',0,4,'','2016-11-03','亲爱的酷头们，感谢大家一直以来的关注和支持/因酷/2016.06.23',4289),(1513,'/images/upload/template_data_image/20161018/1476757391646.jpg','','因酷时代',0,5,'','2016-11-03','亲爱的酷头们，感谢大家一直以来的关注和支持/因酷时代/2016.06.24',4289),(1514,'/images/upload/template_data_image/20161018/1476753238493.jpg',NULL,'因酷时代',0,1,NULL,NULL,'亲爱的酷头们，感谢大家一直以来的关注和支持，因酷时代网校系统、慕课系统、考试系统功能于9月1/因酷时代',4290),(1515,'/images/upload/template_data_image/20161018/1476754870082.jpg',NULL,'因酷时代',0,2,NULL,NULL,'亲爱的酷头们，感谢大家一直以来的关注和支持，因酷时代网校系统、慕课系统、考试/因酷时代',4290),(1516,'/images/upload/template_data_image/20161018/1476756417520.jpg',NULL,'酷时代',0,3,NULL,NULL,'亲爱的酷头们，感谢大家一直以来的关注和支持/酷时代',4290),(1517,'/images/upload/template_data_image/20161018/1476756870729.jpg',NULL,'因酷',0,4,NULL,NULL,'亲爱的酷头们，感谢大家一直以来的关注和支持/因酷',4290),(1518,'/images/upload/template_data_image/20161018/1476757391646.jpg',NULL,'因酷时代',0,5,NULL,NULL,'亲爱的酷头们，感谢大家一直以来的关注和支持/因酷时代',4290),(1519,'/images/upload/template_data_image/20161018/1476753238493.jpg',NULL,'因酷时代',0,1,NULL,NULL,'亲爱的酷头们，感谢大家一直以来的关注和支持，因酷时代网校系统、慕课系统、考试系统功能于9月1/因酷时代',4291),(1520,'/images/upload/template_data_image/20161018/1476754870082.jpg',NULL,'因酷时代',0,2,NULL,NULL,'亲爱的酷头们，感谢大家一直以来的关注和支持，因酷时代网校系统、慕课系统、考试/因酷时代',4291),(1521,'/images/upload/template_data_image/20161018/1476756417520.jpg',NULL,'酷时代',0,3,NULL,NULL,'亲爱的酷头们，感谢大家一直以来的关注和支持/酷时代',4291),(1522,'/images/upload/template_data_image/20161018/1476756870729.jpg',NULL,'因酷',0,4,NULL,NULL,'亲爱的酷头们，感谢大家一直以来的关注和支持/因酷',4291),(1523,'/images/upload/template_data_image/20161018/1476757391646.jpg',NULL,'因酷时代',0,5,NULL,NULL,'亲爱的酷头们，感谢大家一直以来的关注和支持/因酷时代',4291),(1524,'/images/upload/template_data_image/20161018/1476753238493.jpg',NULL,'因酷时代',0,1,NULL,NULL,'亲爱的酷头们，感谢大家一直以来的关注和支持，因酷时代网校系统、慕课系统、考试系统功能于9月1/因酷时代',4292),(1525,'/images/upload/template_data_image/20161018/1476754870082.jpg',NULL,'因酷时代',0,2,NULL,NULL,'亲爱的酷头们，感谢大家一直以来的关注和支持，因酷时代网校系统、慕课系统、考试/因酷时代',4292),(1526,'/images/upload/template_data_image/20161018/1476756417520.jpg',NULL,'酷时代',0,3,NULL,NULL,'亲爱的酷头们，感谢大家一直以来的关注和支持/酷时代',4292),(1527,'/images/upload/template_data_image/20161018/1476756870729.jpg',NULL,'因酷',0,4,NULL,NULL,'亲爱的酷头们，感谢大家一直以来的关注和支持/因酷',4292),(1528,'/images/upload/template_data_image/20161018/1476757391646.jpg',NULL,'因酷时代',0,5,NULL,NULL,'亲爱的酷头们，感谢大家一直以来的关注和支持/因酷时代',4292),(1529,'/images/upload/template_data_image/20161018/1476753238493.jpg',NULL,'因酷时代',0,1,NULL,NULL,'亲爱的酷头们，感谢大家一直以来的关注和支持，因酷时代网校系统、慕课系统、考试系统功能于9月1/因酷时代',4293),(1530,'/images/upload/template_data_image/20161018/1476754870082.jpg',NULL,'因酷时代',0,2,NULL,NULL,'亲爱的酷头们，感谢大家一直以来的关注和支持，因酷时代网校系统、慕课系统、考试/因酷时代',4293),(1531,'/images/upload/template_data_image/20161018/1476756417520.jpg',NULL,'酷时代',0,3,NULL,NULL,'亲爱的酷头们，感谢大家一直以来的关注和支持/酷时代',4293),(1532,'/images/upload/template_data_image/20161018/1476756870729.jpg',NULL,'因酷',0,4,NULL,NULL,'亲爱的酷头们，感谢大家一直以来的关注和支持/因酷',4293),(1533,'/images/upload/template_data_image/20161018/1476757391646.jpg',NULL,'因酷时代',0,5,NULL,NULL,'亲爱的酷头们，感谢大家一直以来的关注和支持/因酷时代',4293),(1534,'/images/upload/template_data_image/20161018/1476753238493.jpg',NULL,'因酷时代',0,1,NULL,NULL,'亲爱的酷头们，感谢大家一直以来的关注和支持，因酷时代网校系统、慕课系统、考试系统功能于9月1/因酷时代',4294),(1535,'/images/upload/template_data_image/20161018/1476754870082.jpg',NULL,'因酷时代',0,2,NULL,NULL,'亲爱的酷头们，感谢大家一直以来的关注和支持，因酷时代网校系统、慕课系统、考试/因酷时代',4294),(1536,'/images/upload/template_data_image/20161018/1476756417520.jpg',NULL,'酷时代',0,3,NULL,NULL,'亲爱的酷头们，感谢大家一直以来的关注和支持/酷时代',4294),(1537,'/images/upload/template_data_image/20161018/1476756870729.jpg',NULL,'因酷',0,4,NULL,NULL,'亲爱的酷头们，感谢大家一直以来的关注和支持/因酷',4294),(1538,'/images/upload/template_data_image/20161018/1476757391646.jpg',NULL,'因酷时代',0,5,NULL,NULL,'亲爱的酷头们，感谢大家一直以来的关注和支持/因酷时代',4294),(1549,'/images/upload/template_data_image/20161018/1476753238493.jpg','','因酷时代',0,1,'','2016-11-03','亲爱的酷头们，感谢大家一直以来的关注和支持，因酷时代网校系统、慕课系统、考试系统功能于9月1/因酷时代/2016.10.10',4295),(1550,'/images/upload/template_data_image/20161018/1476754870082.jpg','','因酷时代',0,2,'','2016-11-03','亲爱的酷头们，感谢大家一直以来的关注和支持，因酷时代网校系统、慕课系统、考试/因酷时代/2016.10.16',4295),(1551,'/images/upload/template_data_image/20161018/1476756417520.jpg','','酷时代',0,3,'','2016-11-03','亲爱的酷头们，感谢大家一直以来的关注和支持/酷时代/2016.10.08',4295),(1552,'/images/upload/template_data_image/20161018/1476756870729.jpg','','因酷',0,4,'','2016-11-03','亲爱的酷头们，感谢大家一直以来的关注和支持/因酷/2016.10.20',4295),(1553,'/images/upload/template_data_image/20161018/1476757391646.jpg','','因酷时代',0,5,'','2016-11-03','亲爱的酷头们，感谢大家一直以来的关注和支持/因酷时代/2016.10.25',4295),(1559,'/images/upload/template_data_image/20161018/1476753238493.jpg','','因酷时代',0,1,'','2016-11-03','亲爱的酷头们，感谢大家一直以来的关注和支持，因酷时代网校系统、慕课系统、考试系统功能于9月1/因酷时代/2016.10.10',4296),(1560,'/images/upload/template_data_image/20161018/1476754870082.jpg','','因酷时代',0,2,'','2016-11-03','亲爱的酷头们，感谢大家一直以来的关注和支持，因酷时代网校系统、慕课系统、考试/因酷时代/2016.10.10',4296),(1561,'/images/upload/template_data_image/20161018/1476756417520.jpg','','酷时代',0,3,'','2016-11-03','亲爱的酷头们，感谢大家一直以来的关注和支持/酷时代/2016.10.10',4296),(1562,'/images/upload/template_data_image/20161018/1476756870729.jpg','','因酷',0,4,'','2016-11-03','亲爱的酷头们，感谢大家一直以来的关注和支持/因酷/2016.10.10',4296),(1563,'/images/upload/template_data_image/20161018/1476757391646.jpg','','因酷时代',0,5,'','2016-11-03','亲爱的酷头们，感谢大家一直以来的关注和支持/因酷时代/2016.10.10',4296),(1819,'/images/upload/template_data_image/20161031/1477900592314.jpg',NULL,'',0,1,NULL,NULL,'',4978),(1820,'/images/upload/template_data_image/20161031/1477900604757.jpg',NULL,'',0,2,NULL,NULL,'',4978),(1821,'/images/upload/template_data_image/20161031/1477900607711.jpg',NULL,'',0,3,NULL,NULL,'',4978),(1822,'/images/upload/template_data_image/20161031/1477900611291.jpg',NULL,'',0,4,NULL,NULL,'',4978),(1823,'/images/upload/template_data_image/20161031/1477900614108.jpg',NULL,'',0,5,NULL,NULL,'',4978),(1824,'/images/upload/template_data_image/20161031/1477900616608.jpg',NULL,'',0,6,NULL,NULL,'',4978),(1825,'/images/upload/template_data_image/20161031/1477900618975.jpg',NULL,'',0,7,NULL,NULL,'',4978),(1826,'/images/upload/template_data_image/20161031/1477900621278.jpg',NULL,'',0,8,NULL,NULL,'',4978),(1827,'/images/upload/template_data_image/20161031/1477900623660.jpg',NULL,'',0,9,NULL,NULL,'',4978),(1828,'/images/upload/template_data_image/20161031/1477900626762.jpg',NULL,'',0,10,NULL,NULL,'',4978),(1829,'/images/upload/template_data_image/20161031/1477900592314.jpg',NULL,'',0,1,NULL,NULL,'',4979),(1830,'/images/upload/template_data_image/20161031/1477900604757.jpg',NULL,'',0,2,NULL,NULL,'',4979),(1831,'/images/upload/template_data_image/20161031/1477900607711.jpg',NULL,'',0,3,NULL,NULL,'',4979),(1832,'/images/upload/template_data_image/20161031/1477900611291.jpg',NULL,'',0,4,NULL,NULL,'',4979),(1833,'/images/upload/template_data_image/20161031/1477900614108.jpg',NULL,'',0,5,NULL,NULL,'',4979),(1834,'/images/upload/template_data_image/20161031/1477900616608.jpg',NULL,'',0,6,NULL,NULL,'',4979),(1835,'/images/upload/template_data_image/20161031/1477900618975.jpg',NULL,'',0,7,NULL,NULL,'',4979),(1836,'/images/upload/template_data_image/20161031/1477900621278.jpg',NULL,'',0,8,NULL,NULL,'',4979),(1837,'/images/upload/template_data_image/20161031/1477900623660.jpg',NULL,'',0,9,NULL,NULL,'',4979),(1838,'/images/upload/template_data_image/20161031/1477900626762.jpg',NULL,'',0,10,NULL,NULL,'',4979),(1839,'/images/upload/template_data_image/20161021/1477030927772.jpg',NULL,'',0,1,NULL,NULL,'',4980),(2643,'/images/upload/template_data_image/20161130/1480466902295.jpg','','',0,1,NULL,NULL,'',5523),(2644,'/images/upload/template_data_image/20161130/1480466921588.jpg','','',0,2,NULL,NULL,'',5523),(2645,'/images/upload/template_data_image/20161130/1480466761750.jpg','','企业文化',0,1,NULL,NULL,'我们提供一站式全平台的在线教育解决方案，核心成员拥有5-7年大型在线教育平台的建设运营经验。旨在帮助更多的中小教育机构创新创业，节约技术投入成本，而让更多的学习者享受到在线教育带来的便利。',5524),(2646,'/images/upload/template_data_image/20161130/1480466765042.jpg','','企业精神',0,2,NULL,NULL,'因酷团队必将以滴水穿石的毅力，以精益求精的态度，打造一系列“独具匠心”的在线教育软件。',5524),(2647,'/images/upload/template_data_image/20161130/1480466767837.jpg','','我的发展',0,3,NULL,NULL,'公司成立以来开发了包括“网校系统”、“慕课系统”、“直播系统”、“考试系统”等产品。未来还会有更多产品上线，敬请期待。',5524),(2648,'/images/upload/template_data_image/20161130/1480466770458.jpg','','我得目标',0,4,NULL,NULL,'科技因创新而改变，教育因科技而改变，因酷与您一起携手，从现在开始改变教育。',5524),(2649,'/images/upload/template_data_image/20161018/1476772824442.jpg','','陈晓薇',0,1,NULL,NULL,'北京师范大学法学院副教授/北京师范大学法学院副教授、清华大学法学博士。自2004年至今已有9年的司法考试培训经验。长期从事司法考试辅导，深知命题规律，了解解题技巧。内容把握准确，授课重点明确，层次分明，调理清晰，将法条法理与案例有机融合，强调综合，深入浅出。',5525),(2650,'/images/upload/template_data_image/20161018/1476772836551.jpg','','李小梅',0,2,NULL,NULL,'资深课程设计专家，专注10年AACTP美国培训协会认证导师/十年课程研发和培训咨询经验，曾任国企人力资源经理、大型外企培训经理，负责企业大学和培训体系搭建；曾任专业培训机构高级顾问、研发部总监，为包括广东移动、东莞移动、深圳移动、南方电网、工商银行、农业银行、民生银行、邮储银行、TCL集团、清华大学继续教育学院、中天路桥、广西扬翔股份等超过200家企业提供过培训与咨询服务，并担任近50个大型项目的总负责人。',5525),(2651,'/images/upload/template_data_image/20161018/1476772851152.jpg','','李立',0,3,NULL,NULL,'上海师范大学法学院副教授/上海师范大学法学院副教授、清华大学法学博士。自2004年至今已有9年的司法考试培训经验。长期从事司法考试辅导，深知命题规律，了解解题技巧。内容把握准确，授课重点明确，层次分明，调理清晰，将法条法理与案例有机融合，强调综合，深入浅出。',5525),(2652,'/images/upload/template_data_image/20161018/1476772862427.jpg','','潘新强',0,4,NULL,NULL,'考研政治辅导实战派专家，全国考研政治命题研究组核心成员。/法学博士，北京师范大学马克思主义学院副教授，专攻毛泽东思想概论、邓小平理论，长期从事考研辅导。出版著作两部，发表学术论文30余篇，主持国家社会科学基金项目和教育部重大课题子课题各一项，参与中央实施马克思主义理论研究和建设工程项目。',5525),(2653,'/images/upload/template_data_image/20161018/1476773300376.jpg',NULL,'',0,1,NULL,NULL,'',5416),(2654,'/images/upload/template_data_image/20161018/1476773351096.png',NULL,'资源丰富',0,1,NULL,NULL,'',5417),(2655,'/images/upload/template_data_image/20161018/1476773366451.png',NULL,'轻松易懂',0,2,NULL,NULL,'',5417),(2656,'/images/upload/template_data_image/20161018/1476773378486.png',NULL,'优质实用',0,3,NULL,NULL,'',5417),(2657,'/images/upload/template_data_image/20161018/1476773391533.png',NULL,'突破局限',0,4,NULL,NULL,'',5417),(2658,'/images/upload/template_data_image/20161018/1476773493967.jpg',NULL,'',0,1,NULL,NULL,'',5421),(2659,'/images/upload/image/20161011/1476178846940.png',NULL,'师资雄厚',19,1,NULL,NULL,'',5422),(2660,'/images/upload/image/20161011/1476178870455.png',NULL,'技术精湛',19,2,NULL,NULL,'',5422),(2661,'/images/upload/image/20161011/1476178890875.png',NULL,'理念超前',19,3,NULL,NULL,'',5422),(2662,'/images/upload/image/20161011/1476178909602.png',NULL,'专业解惑',19,4,NULL,NULL,'',5422),(2663,'/images/upload/template_data_image/20161018/1476773828195.jpg',NULL,'陈晓薇',0,1,NULL,NULL,'北京师范大学法学院副教授/北京师范大学法学院副教授、清华大学法学博士。自2004年至今已有9年的司法考试培训经验。长期从事司法考试辅导，深知命题规律，了解解题技巧。内容把握准确，授课重点明确，层次分明，调理清晰，将法条法理与案例有机融合，强调综合，深入浅出。',5423),(2664,'/images/upload/template_data_image/20161018/1476773869389.jpg',NULL,'李小梅',0,2,NULL,NULL,'资深课程设计专家，专注10年AACTP美国培训协会认证导师/十年课程研发和培训咨询经验，曾任国企人力资源经理、大型外企培训经理，负责企业大学和培训体系搭建；曾任专业培训机构高级顾问、研发部总监，为包括广东移动、东莞移动、深圳移动、南方电网、工商银行、农业银行、民生银行、邮储银行、TCL集团、清华大学继续教育学院、中天路桥、广西扬翔股份等超过200家企业提供过培训与咨询服务，并担任近50个大型项目的总负责人。',5423),(2665,'/images/upload/template_data_image/20161018/1476773898960.jpg',NULL,'李立',0,3,NULL,NULL,'上海师范大学法学院副教授/上海师范大学法学院副教授、清华大学法学博士。自2004年至今已有9年的司法考试培训经验。长期从事司法考试辅导，深知命题规律，了解解题技巧。内容把握准确，授课重点明确，层次分明，调理清晰，将法条法理与案例有机融合，强调综合，深入浅出。',5423),(2666,'/images/upload/template_data_image/20161018/1476773924328.jpg',NULL,'潘新强',0,4,NULL,NULL,'考研政治辅导实战派专家，全国考研政治命题研究组核心成员。/法学博士，北京师范大学马克思主义学院副教授，专攻毛泽东思想概论、邓小平理论，长期从事考研辅导。出版著作两部，发表学术论文30余篇，主持国家社会科学基金项目和教育部重大课题子课题各一项，参与中央实施马克思主义理论研究和建设工程项目。',5423),(2667,'/images/upload/template_data_image/20161018/1476773950864.jpg',NULL,'陈红',0,5,NULL,NULL,'华东师范大学数学系硕士生导师，中国数学奥林匹克高级教练/曾参与北京市及全国多项数学活动的命题和组织工作，多次带领北京队参加高中、初中、小学的各项数学竞赛，均取得优异成绩。教学活而新，能够调动学生的学习兴趣并擅长对学生进行思维点拨，对学生学习习惯的养成和非智力因素培养有独到之处，是一位深受学生喜爱的老师。',5423),(2668,'/images/upload/template_data_image/20161018/1476773968531.jpg',NULL,'林奇',0,6,NULL,NULL,'人大附中2009届毕业生/北京大学数学科学学院2008级本科生，2012年第八届学生五四奖章获得者，在数学领域取得多项国际国内奖项，学术研究成绩突出。曾被两次评为北京大学三好学生、一次评为北京大学三好标兵，获得过北京大学国家奖学金、北京大学廖凯原奖学金、北京大学星光国际一等奖学金、北京大学明德新生奖学金等。',5423),(2669,'/images/upload/template_data_image/20161018/1476773985701.jpg',NULL,'王健化',0,7,NULL,NULL,'长期从事考研政治课讲授和考研命题趋势与应试对策研究。考研辅导新锐派的代表。/政治学博士、管理学博士后，北京师范大学马克思主义学院副教授。多年来总结出了一套行之有效的应试技巧与答题方法，针对性和实用性极强，能帮助考生在轻松中应考，在激励的竞争中取得高分，脱颖而出。',5423),(2670,'/images/upload/template_data_image/20161018/1476774004132.jpg',NULL,'张云唻',0,8,NULL,NULL,'毕业于北京大学数学系/中教一级职称。讲课极具亲和力。',5423),(2671,'/images/upload/image/20161011/1476183060908.jpg',NULL,'陈晓薇',19,1,NULL,NULL,'SEO由英文Search Engine Optimization缩写而来， 中文意译为“搜索引擎优化”。SEO是指从自然搜索结果获得网站流量的技术和过程，是在了解搜索引擎自然排名机制的基础上， 对网站进行内部及外部的调整优化， 改进网站在搜索引擎中的关键词自然排名， 获得更多流量， 从而达成网站销售及品牌建设的目标及用途。',5424),(2672,'/images/upload/template_data_image/20161018/1476774004132.jpg',NULL,'张云唻',0,0,NULL,NULL,'在这里你有什么困难的话，所有人都会帮你解决，就像一个大家庭一样，很和谐，很温暖。这边的老师们都和好，老师们对自己学生就像对自己的亲人一样，你不会的地方老师们会很耐心的教你。在这里我想告诉大家，这里是我学习的一个新的目标，是让我飞翔上美丽的天空的一个新起点。',5424),(2683,'/images/upload/template_data_image/20161017/1476670610320.png','',' 联系方式',0,1,NULL,NULL,'北京因酷时代科技有限公司|电话：400-900-8560|邮箱：serivce@inxedu.com|地址：北京市海淀区清河路4号7号院 ',5431),(2684,'/images/upload/template_data_image/20161018/1476772685013.jpg','','',0,1,NULL,NULL,'',5434),(2685,'/images/upload/template_data_image/20161130/1480467021590.jpg','','',0,2,NULL,NULL,'',5434),(2686,'/images/upload/template_data_image/20161018/1476771621618.png','','知识点练习',0,1,NULL,NULL,'针对具体章节，详细到考点，快速击破',5435),(2687,'/images/upload/template_data_image/20161018/1476771676183.png','','模拟考试',0,2,NULL,NULL,'全真在线模拟考试',5435),(2688,'/images/upload/template_data_image/20161018/1476771687607.png','','历年真题 ',0,3,NULL,NULL,'真题精讲，分析历年真题命题规律，研究命题趋势',5435),(2689,'/images/upload/template_data_image/20161018/1476771698860.png','','个人题库',0,4,NULL,NULL,'专属自己的私人题库， 着重弱点方向，针对性训练',5435),(2690,'/images/upload/template_data_image/20161018/1476771708579.png','','练习记录',0,5,NULL,NULL,'温故而知新，记录练习，自我反省，帮助你更快提升自己',5435),(2691,'/images/upload/template_data_image/20161018/1476771736622.png','','成绩分享',0,6,NULL,NULL,'分享知识,大家一起来吧。',5435),(2692,'/images/upload/template_data_image/20161018/1476771896043.png','','视频流畅点播课程',0,1,NULL,NULL,'提供专业的学习体验，绝不仅是视频浏览，还包含课程大纲、自动上次播放、收藏、评论打分等功能……',5436),(2693,'/images/upload/template_data_image/20161018/1476771946359.png','','在线互动视频直播课程',0,2,NULL,NULL,'第一时间，精彩在线直播公共互动学习，实时互动网络课堂支持直播路径发布式接入……',5436),(2694,'/images/upload/template_data_image/20161018/1476771968377.png','','丰富的学习套餐课程',0,3,NULL,NULL,'成套的、系列化的课程套餐，为你查缺补漏、系统学习提供帮助提高学习效率。套餐种类比较多……',5436),(2695,'/images/upload/template_data_image/20161018/1476771993595.png','','互动式在线问答平台',0,4,NULL,NULL,'在线问答，顶级专业名师，答疑解惑。这也是一个互动知识分享平台。根据自身需求提出问题……',5436),(2696,'/images/upload/template_data_image/20161018/1476772027040.png','','在线学习图书中心',0,5,NULL,NULL,'小而全的在线学习图书中心。致力于传播精品图书，为用户提供集阅读、写作、评书、购书的一站式服务……',5436),(2697,'/images/upload/template_data_image/20161018/1476772051203.png','','在线文库实用知识库',0,6,NULL,NULL,'在线互动式文档分享平台，在这里你可以阅读或免费下载百万优质文档。以开放共享的方式……',5436),(2698,'/images/upload/template_data_image/20161018/1476772563695.jpg','','陈晓薇',0,1,NULL,NULL,'北京师范大学法学院副教授/北京师范大学法学院副教授、清华大学法学博士。自2004年至今已有9年的司法考试培训经验。长期从事司法考试辅导，深知命题规律，了解解题技巧。内容把握准确，授课重点明确，层次分明，调理清晰，将法条法理与案例有机融合，强调综合，深入浅出。',5437),(2699,'/images/upload/template_data_image/20161018/1476772581659.jpg','','李小梅',0,2,NULL,NULL,'资深课程设计专家，专注10年AACTP美国培训协会认证导师/十年课程研发和培训咨询经验，曾任国企人力资源经理、大型外企培训经理，负责企业大学和培训体系搭建；曾任专业培训机构高级顾问、研发部总监，为包括广东移动、东莞移动、深圳移动、南方电网、工商银行、农业银行、民生银行、邮储银行、TCL集团、清华大学继续教育学院、中天路桥、广西扬翔股份等超过200家企业提供过培训与咨询服务，并担任近50个大型项目的总负责人。',5437),(2700,'/images/upload/template_data_image/20161018/1476772595907.jpg','','李立',0,3,NULL,NULL,'上海师范大学法学院副教授/上海师范大学法学院副教授、清华大学法学博士。自2004年至今已有9年的司法考试培训经验。长期从事司法考试辅导，深知命题规律，了解解题技巧。内容把握准确，授课重点明确，层次分明，调理清晰，将法条法理与案例有机融合，强调综合，深入浅出。',5437),(2701,'/images/upload/template_data_image/20161018/1476772608779.jpg','','潘新强',0,4,NULL,NULL,'考研政治辅导实战派专家，全国考研政治命题研究组核心成员。/法学博士，北京师范大学马克思主义学院副教授，专攻毛泽东思想概论、邓小平理论，长期从事考研辅导。出版著作两部，发表学术论文30余篇，主持国家社会科学基金项目和教育部重大课题子课题各一项，参与中央实施马克思主义理论研究和建设工程项目。',5437),(2702,'/images/upload/template_data_image/20161021/1477030927772.jpg','','',0,1,NULL,NULL,'',5440),(2703,'/images/upload/template_data_image/20161130/1480467294951.jpg','','',0,2,NULL,NULL,'',5440),(2704,'/images/upload/template_data_image/20161018/1476772824442.jpg','','陈晓薇',0,1,NULL,NULL,'北京师范大学法学院副教授/北京师范大学法学院副教授、清华大学法学博士。自2004年至今已有9年的司法考试培训经验。长期从事司法考试辅导，深知命题规律，了解解题技巧。内容把握准确，授课重点明确，层次分明，调理清晰，将法条法理与案例有机融合，强调综合，深入浅出。',5442),(2705,'/images/upload/template_data_image/20161018/1476772836551.jpg','','李小梅',0,2,NULL,NULL,'资深课程设计专家，专注10年AACTP美国培训协会认证导师/十年课程研发和培训咨询经验，曾任国企人力资源经理、大型外企培训经理，负责企业大学和培训体系搭建；曾任专业培训机构高级顾问、研发部总监，为包括广东移动、东莞移动、深圳移动、南方电网、工商银行、农业银行、民生银行、邮储银行、TCL集团、清华大学继续教育学院、中天路桥、广西扬翔股份等超过200家企业提供过培训与咨询服务，并担任近50个大型项目的总负责人。',5442),(2706,'/images/upload/template_data_image/20161018/1476772851152.jpg','','李立',0,3,NULL,NULL,'上海师范大学法学院副教授/上海师范大学法学院副教授、清华大学法学博士。自2004年至今已有9年的司法考试培训经验。长期从事司法考试辅导，深知命题规律，了解解题技巧。内容把握准确，授课重点明确，层次分明，调理清晰，将法条法理与案例有机融合，强调综合，深入浅出。',5442),(2707,'/images/upload/template_data_image/20161018/1476772862427.jpg','','潘新强',0,4,NULL,NULL,'考研政治辅导实战派专家，全国考研政治命题研究组核心成员。/法学博士，北京师范大学马克思主义学院副教授，专攻毛泽东思想概论、邓小平理论，长期从事考研辅导。出版著作两部，发表学术论文30余篇，主持国家社会科学基金项目和教育部重大课题子课题各一项，参与中央实施马克思主义理论研究和建设工程项目。',5442),(2709,'/images/upload/template_data_image/20161017/1476684580430.jpg','','陈晓薇',0,1,NULL,NULL,'北京师范大学法学院副教授',5447),(2710,'/images/upload/template_data_image/20161017/1476684594068.jpg','','李小梅',0,2,NULL,NULL,'资深课程设计专家，专注10年AACTP美国培训协会认证导师',5447),(2711,'/images/upload/template_data_image/20161017/1476684605036.jpg','','李立',0,4,NULL,NULL,'上海师范大学法学院副教授',5447),(2712,'/images/upload/template_data_image/20161017/1476684615568.jpg','','潘新强',0,6,NULL,NULL,'考研政治辅导实战派专家，全国考研政治命题研究组核心成员。',5447),(2713,'/images/upload/template_data_image/20161130/1480467381076.png','','因酷时代',0,1,NULL,NULL,'亲爱的酷头们，感谢大家一直以来的关注和支持，因酷时代网校系统、慕课系统、考试系统功能于9月1|因酷时代|2012-05-21',5448),(2714,'/images/upload/template_data_image/20161018/1476754870082.jpg','','互联网行业的发展前景如何？',0,2,NULL,NULL,'现在互联网行业发展的如此迅速，大家觉得互联网行业的发展前景如何？|因酷时代|2012-05-21 ',5448),(2715,'/images/upload/template_data_image/20161130/1480467400298.jpg','','PS特效字体：圣诞积雪立体字',0,3,NULL,NULL,'这是一款很实用、很简单的积雪立体字。在圣诞节的时候，很多广告都采用了这个效果。红红的文字突出了节日的喜庆，厚厚的白雪表现了冬日圣诞的美丽。|因酷时代|2012-05-21',5448),(2716,'/images/upload/template_data_image/20161130/1480467404697.jpg','','[活动]周日爬山',0,4,NULL,NULL,'白头山风景不错，有兴趣的一起能加|因酷时代|2012-05-21',5448),(2717,'/images/upload/template_data_image/20161130/1480467410625.jpg','','2016年 新一年 新起点 勿忘初心 方得始终',0,5,NULL,NULL,'新的一年猴年来了，祝大家新年快乐！因酷也开始紧锣密鼓地开始进入自己的计划和开发中，回顾15年的点点滴滴，inxedu的成长和大家的关注密不可分。因酷的程序猿有成功，有失败，有欢笑，有汗水，有梦想，有失望，有无数个加班的日夜，只希望因酷更好更完美更加的受大家喜欢。我们将在2016年努力奔跑，一路向前，未来的我们一定会感激现在努力的自己。新一年，新起点，勿忘初心，方得始终！|因酷时代|2012-05-21',5448),(2718,'/images/upload/template_data_image/20161031/1477897218506.jpg','','',0,1,NULL,NULL,'',5451),(2719,'/images/upload/template_data_image/20161130/1480467476288.jpg','','',0,2,NULL,NULL,'',5451),(2720,'/images/upload/template_data_image/20161031/1477900592314.jpg','','',0,1,NULL,NULL,'',5452),(2721,'/images/upload/template_data_image/20161031/1477900604757.jpg','','',0,2,NULL,NULL,'',5452),(2722,'/images/upload/template_data_image/20161031/1477900607711.jpg','','',0,3,NULL,NULL,'',5452),(2723,'/images/upload/template_data_image/20161031/1477900611291.jpg','','',0,4,NULL,NULL,'',5452),(2724,'/images/upload/template_data_image/20161031/1477900614108.jpg','','',0,5,NULL,NULL,'',5452),(2725,'/images/upload/template_data_image/20161031/1477900616608.jpg','','',0,6,NULL,NULL,'',5452),(2726,'/images/upload/template_data_image/20161031/1477900618975.jpg','','',0,7,NULL,NULL,'',5452),(2727,'/images/upload/template_data_image/20161031/1477900621278.jpg','','',0,8,NULL,NULL,'',5452),(2728,'/images/upload/template_data_image/20161031/1477900623660.jpg','','',0,9,NULL,NULL,'',5452),(2729,'/images/upload/template_data_image/20161031/1477900626762.jpg','','',0,10,NULL,NULL,'',5452),(2730,'/images/upload/template_data_image/20161031/1477902016599.jpg','','我们崛起',0,1,NULL,NULL,'公司自主研发的产品包括“网校系统”、“慕课系统”、“直播系统”、“考试系统”、“社区互动平台”、“教育官网”等产品。“因酷云视频”服务，平台可支撑多线程高速上传、多格式输出，满足各种环境的播放方式。未来还会有更多产品上线，敬请期待！',5453),(2731,'/images/upload/template_data_image/20161031/1477902158866.jpg','','我的梦想',0,2,NULL,NULL,'因酷团队必将以滴水穿石的毅力，以精益求精的态度，打造一系列“独具匠心”的在线教育软件。科技因创新而改变，教育因科技而改变，因酷与您一起携手，从现在开始改变教育。',5453),(2732,'/images/upload/template_data_image/20161124/1479949164615.jpg','','我们成立',0,3,NULL,NULL,'我们提供一站式全平台的在线教育解决方案，因酷成立于2015年，核心成员拥有5-7年大型在线教育平台的建设运营经验。旨在帮助更多的中小教育机构创新创业，节约技术投入成本，而让更多的学习者享受到在线教育带来的便利。',5453),(2733,'/images/upload/template_data_image/20161031/1477902374412.jpg','','李小梅',0,1,NULL,NULL,'哈佛大学|STA 2012 TOEFL|北京第四中学',5455),(2734,'/images/upload/template_data_image/20161031/1477905289530.jpg','','陈晓薇',0,2,NULL,NULL,'约翰·惠普金斯大学|STA 2014 TOEFL|云南师大附中',5455),(2735,'/images/upload/template_data_image/20161031/1477906520237.jpg','','王健化',0,3,NULL,NULL,'耶鲁大学|STA 2013 TOEFL|北京师大附中',5455),(2753,'/template/templet1/images/pic/banner-7.jpg','','',0,1,NULL,NULL,'',5465),(2754,'/images/upload/template_data_image/20161130/1480467545480.jpg','','',0,2,NULL,NULL,'',5465),(2755,'/template/templet1/images/pic/K12-1.jpg','','小学课程高分提高班',0,1,NULL,NULL,'专业师资团队|让孩子的学习成绩不断攀升!|天天背词，滴水穿石。巧学活用，乐趣十足。让孩子在玩中学，在学中感受学习的乐趣。轻轻松松提高学习成绩，帮孩子成就美好未来。',5466),(2756,'/template/templet1/images/pic/K12-2.jpg','','初中高速提分班',0,2,NULL,NULL,'针对性辅导|量身定制提升方案，重视解题方法，提高正确率。|在学习动力，学习能力，学习毅力三大方面13个维度全方位分析学生类型，迅速把脉学生特点及不足。',5466),(2757,'/template/templet1/images/pic/K12-3.jpg','','高中冲刺班',0,3,NULL,NULL,'状元秘籍|针对训练、超常发挥|由专业心理辅导专家长期跟踪考生心理实践制作而成，有效的针对性训练，在高考最后关头协助考生超长发挥学习水平。',5466),(2758,'/template/templet1/images/pic/K12-4.jpg','','大学就业培训',0,4,NULL,NULL,'专业技能培训|让兴趣决定自己未来的生活|团队经验丰富、技术一流，专业致力于学生就业训练。',5466),(2759,'','','',0,1,NULL,NULL,'张佳|北大附小|作文高分提高班|三个月|30|50',5467),(2760,'','','',0,2,NULL,NULL,'李雪|北大附小|地理高分提高班|十个月|60|80',5467),(2761,'','','',0,3,NULL,NULL,'何利|北大附中|政治高分提高班|三个月|30|60',5467),(2762,'','','',0,4,NULL,NULL,'孟戯龍|师大附小|数学高分提高班|两个月|50|90',5467),(2763,'','','',0,5,NULL,NULL,'刘晨|北大附小|英语高分提高班|八个月|50|88',5467),(2764,'','','',0,6,NULL,NULL,'肖辞|北大附中|高分提高班|五个月|30|66',5467),(2765,'','','',0,7,NULL,NULL,'林凌灵|北大附小|写作高分提高班|一个月|63|99',5467),(2766,'','','',0,8,NULL,NULL,'彭博|北大附中|高分提高班|十个月|30|98',5467),(2767,'','','赵曦',0,9,NULL,NULL,'赵曦|北大|英语高分提高班|十个月|50|83',5467),(2768,'/template/templet1/images/pic/t-pic-1.jpg','','陈晓薇',0,1,NULL,NULL,'北京师范大学法学院副教授、清华大学法学博士。自2004年至今已有9年的司法考试培训经验。长期从事司法考试辅导，深知命题规律，了解解题技巧。内容把握准确，授课重点明确，层次分明，调理清晰，将法条法理与案例有机融合，强调综合，深入浅出。',5468),(2769,'/images/upload/template_data_image/20161018/1476772836551.jpg','','李小梅',0,2,NULL,NULL,'资深课程设计专家，专注10年AACTP美国培训协会认证导师/十年课程研发和培训咨询经验，曾任国企人力资源经理、大型外企培训经理，负责企业大学和培训体系搭建；曾任专业培训机构高级顾问、研发部总监，为包括广东移动、东莞移动、深圳移动、南方电网、工商银行、农业银行、民生银行、邮储银行、TCL集团、清华大学继续教育学院、中天路桥、广西扬翔股份等超过200家企业提供过培训与咨询服务，并担任近50个大型项目的总负责人。',5468),(2770,'/images/upload/template_data_image/20161018/1476772862427.jpg','','潘新强',0,3,NULL,NULL,'考研政治辅导实战派专家，全国考研政治命题研究组核心成员。/法学博士，北京师范大学马克思主义学院副教授，专攻毛泽东思想概论、邓小平理论，长期从事考研辅导。出版著作两部，发表学术论文30余篇，主持国家社会科学基金项目和教育部重大课题子课题各一项，参与中央实施马克思主义理论研究和建设工程项目。',5468),(2771,'/images/upload/template_data_image/20161018/1476772851152.jpg','','李立',0,4,NULL,NULL,'上海师范大学法学院副教授/上海师范大学法学院副教授、清华大学法学博士。自2004年至今已有9年的司法考试培训经验。长期从事司法考试辅导，深知命题规律，了解解题技巧。内容把握准确，授课重点明确，层次分明，调理清晰，将法条法理与案例有机融合，强调综合，深入浅出。',5468),(2772,'/images/upload/template_data_image/20161130/1480487497618.jpg','','',0,1,'','2016-11-30','',5445),(2825,'/images/upload/image/20161011/1476168475740.png','','低成本',0,1,'','2017-04-11','低成本软件投入，行业最低。',5429),(2826,'/images/upload/image/20161011/1476168505074.png','','终身制',0,2,'','2017-04-11','不抽成，不限制，终身使用',5429),(2827,'/images/upload/image/20161011/1476168530728.png','','团队强',0,3,'','2017-04-11','资深技术团队，软件稳定安全。',5429),(2828,'/images/upload/image/20161011/1476168560297.png','','技术优',0,4,'','2017-04-11','专业技术，陪伴式服务。',5429),(2839,'/template/templet1/images/pic/banner-6.jpg','','',0,1,NULL,NULL,'',5502),(2840,'/images/upload/template_data_image/20161130/1480467514704.jpg','','',0,2,NULL,NULL,'',5502),(2841,'/template/templet1/images/d6-fl-1.png','','名师点拨',0,1,NULL,NULL,'70名行业专家亲授课程，每个专家只讲解最擅长的技术，保证每门课程都为行业最高水平。',5503),(2842,'/template/templet1/images/d6-fl-2.png','','针对训练',0,2,NULL,NULL,'有针对性的训练，有专业专家一对一量身定制提升方案，有专业的名师进行一对一辅导。',5503),(2843,'/template/templet1/images/d6-fl-3.png','','在线咨询',0,3,NULL,NULL,'为保障零基础学员学会专业技术我们特邀千名教练全天候辅导学员，随时解答技术难题。',5503),(2844,'/template/templet1/images/d6-fl-4.png','','定时训练',0,4,NULL,NULL,'每堂课过后都有针对性的考试测试，多种考试方式，错题练习、即时考试，总有一种适合你的方式。',5503),(2845,'/images/upload/template_data_image/20161123/1479891166225.jpg','','小学课程高分提高班',0,1,NULL,NULL,'天天背词，滴水穿石。巧学活用，乐趣十足。让孩子在玩中学，在学中感受学习的乐趣。轻轻松松提高学习成绩，帮孩子成就美好未来。|2016.10.12',5504),(2846,'/images/upload/template_data_image/20161123/1479891308560.jpg','','初中高速提分班',0,2,NULL,NULL,'在学习动力，学习能力，学习毅力三大方面13个维度全方位分析学生类型，迅速把脉学生特点及不足。|2016.10.12',5504),(2847,'/template/templet1/images/pic/c-1.jpg','','高中教师资格证—笔试全程班',0,3,NULL,NULL,'我们特意绘制了让您用于学习的结构表，状元学员的笔记，帮你充分理解金融投资|2016.10.12',5504),(2848,'/images/upload/template_data_image/20161123/1479891572641.jpg','','高中冲刺班',0,4,NULL,NULL,'由专业心理辅导专家长期跟踪考生心理实践制作而成，有效的针对性训练，在高考最后关头协助考生超长发挥学习水平。|2016.10.12',5504),(2849,'/images/upload/template_data_image/20161123/1479891572641.jpg','','机电工程管理与实务教学班',0,5,NULL,NULL,'《机电工程管理与实务》共分三篇，机电工程技术、机电工程、施工管理实务、机电工程法规及相关规定。|2016.10.12',5504),(2850,'/images/upload/template_data_image/20161123/1479891491849.jpg','','企业人力管理强化班',0,6,NULL,NULL,'考前重点习题强化训练，让学员轻松面对考试！|2016.10.12',5504),(2851,'/images/upload/template_data_image/20161123/1479891471780.jpg','','水利实务特惠班',0,7,NULL,NULL,'加强建设工程项目管理提高工程项目总承包及施工管理专业技术人员素质|2016.10.12',5504),(2852,'/images/upload/template_data_image/20161123/1479891346135.jpg','','大学就业培训',0,8,NULL,NULL,'团队经验丰富、技术一流，专业致力于学生就业训练。|2016.10.12',5504),(2853,'/images/upload/template_data_image/20161101/1477997347379.jpg','','',0,1,NULL,NULL,'',5506),(2854,'/images/upload/template_data_image/20161101/1477997406206.jpg','','',0,2,NULL,NULL,'',5506),(2855,'/template/templet1/images/pic/d5-us-3.jpg','','',0,3,NULL,NULL,'',5506),(2856,'/images/upload/image/20161011/1476170790025.png','','一站签约在线支付',0,1,'','2017-05-03','我们支持微信、支付宝、易宝支付。提交订单，选择支付方式支付即可。',5430),(2857,'/images/upload/image/20161011/1476170825250.png','','多种在线登录方式',0,2,'','2017-05-03','支持邮箱、手机、账号注册，支持第三方快捷登录方式QQ账号登录新浪微博账号登录微信登录。',5430),(2858,'/images/upload/image/20161011/1476170956795.png','','网站配置化管理',0,3,'','2017-05-03','网站所有信息均可后台配置管理。',5430),(2859,'/images/upload/image/20161011/1476171009686.png','','独立域名专属网校',0,4,'','2017-05-03','购买本产品即可帮忙配置专属于自己的独立域名。',5430),(2860,'/images/upload/image/20161011/1476171111412.png','','支持开源服务',0,5,'','2017-05-03','本产品有开源产品，在遵守用户授权协议的基础上，可免费使用本软件应用于非商业用途。',5430);

/*Table structure for table `edu_website_images_default` */

DROP TABLE IF EXISTS `edu_website_images_default`;

CREATE TABLE `edu_website_images_default` (
  `IMAGE_ID` int(11) NOT NULL AUTO_INCREMENT,
  `IMAGE_URL` varchar(200) NOT NULL DEFAULT '' COMMENT '图片地址',
  `LINK_ADDRESS` varchar(255) DEFAULT NULL COMMENT '图链接地址',
  `TITLE` varchar(255) DEFAULT NULL COMMENT '图标题',
  `TYPE_ID` int(11) DEFAULT '0' COMMENT '图片类型',
  `SERIES_NUMBER` int(11) DEFAULT '0' COMMENT '序列号',
  `PREVIEW_URL` varchar(255) DEFAULT NULL COMMENT '略缩图片地址',
  `publish_time` date DEFAULT NULL COMMENT '发布时间',
  `describe` varchar(600) DEFAULT '' COMMENT '图片描述',
  `WEBPAGE_TEMPLATE_URL` varchar(300) DEFAULT NULL COMMENT '页面模板路径（还原用，根据路径加载数据，重新添加记录）',
  PRIMARY KEY (`IMAGE_ID`)
) ENGINE=InnoDB AUTO_INCREMENT=2643 DEFAULT CHARSET=utf8 ROW_FORMAT=COMPACT COMMENT='模板默认数据（还原用，后期根据方案优化）';

/*Data for the table `edu_website_images_default` */

insert  into `edu_website_images_default`(`IMAGE_ID`,`IMAGE_URL`,`LINK_ADDRESS`,`TITLE`,`TYPE_ID`,`SERIES_NUMBER`,`PREVIEW_URL`,`publish_time`,`describe`,`WEBPAGE_TEMPLATE_URL`) values (1232,'',NULL,'因酷时代',0,1,NULL,NULL,'北京因酷时代科技有限公司是国内领先的开源在线教育基础服务提供商。我们是一个优秀的团队，成员全部都服务过业内互联网大公司，有着5-10年以上互联网经验。我们专注在线教育基础服务，开发出符合互联网发展潮流接地气儿的在线教育产品。我们免费，我们专心做在线教育开源产品。我们怀揣梦想，愿与大家携手，“以开源节流”为宗旨，服务与更多的中小型教育机构和个人。','/template/templet1/关于我们_我们是谁.html'),(1980,'/images/upload/template_data_image/20161017/1476670610320.png','',' 联系方式',0,1,'','2016-11-23','北京因酷时代科技有限公司|电话：400-900-8560|邮箱：serivce@inxedu.com|地址：北京市海淀区清河路4号7号院 ','/template/templet1/关于我们_找到我们.html'),(2006,'/images/upload/image/20161011/1476168475740.png','','低成本',0,1,'','2016-11-23','低成本软件投入，行业最低。','/template/templet1/关于我们_我们的优势.html'),(2007,'/images/upload/image/20161011/1476168505074.png','','终身制',0,2,'','2016-11-23','不抽成，不限制，终身使用','/template/templet1/关于我们_我们的优势.html'),(2008,'/images/upload/image/20161011/1476168530728.png','','团队强',0,3,'','2016-11-23','资深技术团队，软件稳定安全。','/template/templet1/关于我们_我们的优势.html'),(2009,'/images/upload/image/20161011/1476168560297.png','','技术优',0,4,'','2016-11-23','专业技术，陪伴式服务。','/template/templet1/关于我们_我们的优势.html'),(2020,'/images/upload/image/20161011/1476170790025.png','','一站签约在线支付',0,1,'','2016-11-23','我们支持微信、支付宝、易宝支付。提交订单，选择支付方式支付即可。','/template/templet1/关于我们_我们的服务.html'),(2021,'/images/upload/image/20161011/1476170825250.png','','多种在线登录方式',0,2,'','2016-11-23','支持邮箱、手机、账号注册，支持第三方快捷登录方式QQ账号登录新浪微博账号登录微信登录。','/template/templet1/关于我们_我们的服务.html'),(2022,'/images/upload/image/20161011/1476170956795.png','','网站配置化管理',0,3,'','2016-11-23','网站所有信息均可后台配置管理。','/template/templet1/关于我们_我们的服务.html'),(2023,'/images/upload/image/20161011/1476171009686.png','','独立域名专属网校',0,4,'','2016-11-23','购买本产品即可帮忙配置专属于自己的独立域名。','/template/templet1/关于我们_我们的服务.html'),(2024,'/images/upload/image/20161011/1476171111412.png','','支持开源服务',0,5,'','2016-11-23','本产品有开源产品，在遵守用户授权协议的基础上，可免费使用本软件应用于非商业用途。','/template/templet1/关于我们_我们的服务.html'),(2226,'/images/upload/template_data_image/20161018/1476773300376.jpg',NULL,'',0,1,NULL,NULL,'','/template/templet1/课程_广告图.html'),(2227,'/images/upload/template_data_image/20161018/1476773351096.png',NULL,'资源丰富',0,1,NULL,NULL,'','/template/templet1/课程_优势介绍.html'),(2228,'/images/upload/template_data_image/20161018/1476773366451.png',NULL,'轻松易懂',0,2,NULL,NULL,'','/template/templet1/课程_优势介绍.html'),(2229,'/images/upload/template_data_image/20161018/1476773378486.png',NULL,'优质实用',0,3,NULL,NULL,'','/template/templet1/课程_优势介绍.html'),(2230,'/images/upload/template_data_image/20161018/1476773391533.png',NULL,'突破局限',0,4,NULL,NULL,'','/template/templet1/课程_优势介绍.html'),(2231,'/images/upload/template_data_image/20161018/1476773493967.jpg',NULL,'',0,1,NULL,NULL,'','/template/templet1/师资_广告.html'),(2232,'/images/upload/image/20161011/1476178846940.png',NULL,'师资雄厚',19,1,NULL,NULL,'','/template/templet1/师资_优势介绍.html'),(2233,'/images/upload/image/20161011/1476178870455.png',NULL,'技术精湛',19,2,NULL,NULL,'','/template/templet1/师资_优势介绍.html'),(2234,'/images/upload/image/20161011/1476178890875.png',NULL,'理念超前',19,3,NULL,NULL,'','/template/templet1/师资_优势介绍.html'),(2235,'/images/upload/image/20161011/1476178909602.png',NULL,'专业解惑',19,4,NULL,NULL,'','/template/templet1/师资_优势介绍.html'),(2236,'/images/upload/template_data_image/20161018/1476773828195.jpg',NULL,'陈晓薇',0,1,NULL,NULL,'北京师范大学法学院副教授/北京师范大学法学院副教授、清华大学法学博士。自2004年至今已有9年的司法考试培训经验。长期从事司法考试辅导，深知命题规律，了解解题技巧。内容把握准确，授课重点明确，层次分明，调理清晰，将法条法理与案例有机融合，强调综合，深入浅出。','/template/templet1/师资_讲师团队.html'),(2237,'/images/upload/template_data_image/20161018/1476773869389.jpg',NULL,'李小梅',0,2,NULL,NULL,'资深课程设计专家，专注10年AACTP美国培训协会认证导师/十年课程研发和培训咨询经验，曾任国企人力资源经理、大型外企培训经理，负责企业大学和培训体系搭建；曾任专业培训机构高级顾问、研发部总监，为包括广东移动、东莞移动、深圳移动、南方电网、工商银行、农业银行、民生银行、邮储银行、TCL集团、清华大学继续教育学院、中天路桥、广西扬翔股份等超过200家企业提供过培训与咨询服务，并担任近50个大型项目的总负责人。','/template/templet1/师资_讲师团队.html'),(2238,'/images/upload/template_data_image/20161018/1476773898960.jpg',NULL,'李立',0,3,NULL,NULL,'上海师范大学法学院副教授/上海师范大学法学院副教授、清华大学法学博士。自2004年至今已有9年的司法考试培训经验。长期从事司法考试辅导，深知命题规律，了解解题技巧。内容把握准确，授课重点明确，层次分明，调理清晰，将法条法理与案例有机融合，强调综合，深入浅出。','/template/templet1/师资_讲师团队.html'),(2239,'/images/upload/template_data_image/20161018/1476773924328.jpg',NULL,'潘新强',0,4,NULL,NULL,'考研政治辅导实战派专家，全国考研政治命题研究组核心成员。/法学博士，北京师范大学马克思主义学院副教授，专攻毛泽东思想概论、邓小平理论，长期从事考研辅导。出版著作两部，发表学术论文30余篇，主持国家社会科学基金项目和教育部重大课题子课题各一项，参与中央实施马克思主义理论研究和建设工程项目。','/template/templet1/师资_讲师团队.html'),(2240,'/images/upload/template_data_image/20161018/1476773950864.jpg',NULL,'陈红',0,5,NULL,NULL,'华东师范大学数学系硕士生导师，中国数学奥林匹克高级教练/曾参与北京市及全国多项数学活动的命题和组织工作，多次带领北京队参加高中、初中、小学的各项数学竞赛，均取得优异成绩。教学活而新，能够调动学生的学习兴趣并擅长对学生进行思维点拨，对学生学习习惯的养成和非智力因素培养有独到之处，是一位深受学生喜爱的老师。','/template/templet1/师资_讲师团队.html'),(2241,'/images/upload/template_data_image/20161018/1476773968531.jpg',NULL,'林奇',0,6,NULL,NULL,'人大附中2009届毕业生/北京大学数学科学学院2008级本科生，2012年第八届学生五四奖章获得者，在数学领域取得多项国际国内奖项，学术研究成绩突出。曾被两次评为北京大学三好学生、一次评为北京大学三好标兵，获得过北京大学国家奖学金、北京大学廖凯原奖学金、北京大学星光国际一等奖学金、北京大学明德新生奖学金等。','/template/templet1/师资_讲师团队.html'),(2242,'/images/upload/template_data_image/20161018/1476773985701.jpg',NULL,'王健化',0,7,NULL,NULL,'长期从事考研政治课讲授和考研命题趋势与应试对策研究。考研辅导新锐派的代表。/政治学博士、管理学博士后，北京师范大学马克思主义学院副教授。多年来总结出了一套行之有效的应试技巧与答题方法，针对性和实用性极强，能帮助考生在轻松中应考，在激励的竞争中取得高分，脱颖而出。','/template/templet1/师资_讲师团队.html'),(2243,'/images/upload/template_data_image/20161018/1476774004132.jpg',NULL,'张云唻',0,8,NULL,NULL,'毕业于北京大学数学系/中教一级职称。讲课极具亲和力。','/template/templet1/师资_讲师团队.html'),(2244,'/images/upload/image/20161011/1476183060908.jpg',NULL,'陈晓薇',19,1,NULL,NULL,'SEO由英文Search Engine Optimization缩写而来， 中文意译为“搜索引擎优化”。SEO是指从自然搜索结果获得网站流量的技术和过程，是在了解搜索引擎自然排名机制的基础上， 对网站进行内部及外部的调整优化， 改进网站在搜索引擎中的关键词自然排名， 获得更多流量， 从而达成网站销售及品牌建设的目标及用途。','/template/templet1/师资_学员心声.html'),(2245,'/images/upload/template_data_image/20161018/1476774004132.jpg',NULL,'张云唻',0,0,NULL,NULL,'在这里你有什么困难的话，所有人都会帮你解决，就像一个大家庭一样，很和谐，很温暖。这边的老师们都和好，老师们对自己学生就像对自己的亲人一样，你不会的地方老师们会很耐心的教你。在这里我想告诉大家，这里是我学习的一个新的目标，是让我飞翔上美丽的天空的一个新起点。','/template/templet1/师资_学员心声.html'),(2485,'/images/upload/template_data_image/20161018/1476771621618.png','','知识点练习',0,1,NULL,NULL,'针对具体章节，详细到考点，快速击破','/template/templet1/首页_考试系统模板2.html'),(2486,'/images/upload/template_data_image/20161018/1476771676183.png','','模拟考试',0,2,NULL,NULL,'全真在线模拟考试','/template/templet1/首页_考试系统模板2.html'),(2487,'/images/upload/template_data_image/20161018/1476771687607.png','','历年真题 ',0,3,NULL,NULL,'真题精讲，分析历年真题命题规律，研究命题趋势','/template/templet1/首页_考试系统模板2.html'),(2488,'/images/upload/template_data_image/20161018/1476771698860.png','','个人题库',0,4,NULL,NULL,'专属自己的私人题库， 着重弱点方向，针对性训练','/template/templet1/首页_考试系统模板2.html'),(2489,'/images/upload/template_data_image/20161018/1476771708579.png','','练习记录',0,5,NULL,NULL,'温故而知新，记录练习，自我反省，帮助你更快提升自己','/template/templet1/首页_考试系统模板2.html'),(2490,'/images/upload/template_data_image/20161018/1476771736622.png','','成绩分享',0,6,NULL,NULL,'分享知识,大家一起来吧。','/template/templet1/首页_考试系统模板2.html'),(2491,'/images/upload/template_data_image/20161018/1476771896043.png','','视频流畅点播课程',0,1,NULL,NULL,'提供专业的学习体验，绝不仅是视频浏览，还包含课程大纲、自动上次播放、收藏、评论打分等功能……','/template/templet1/首页_在线学习模板2.html'),(2492,'/images/upload/template_data_image/20161018/1476771946359.png','','在线互动视频直播课程',0,2,NULL,NULL,'第一时间，精彩在线直播公共互动学习，实时互动网络课堂支持直播路径发布式接入……','/template/templet1/首页_在线学习模板2.html'),(2493,'/images/upload/template_data_image/20161018/1476771968377.png','','丰富的学习套餐课程',0,3,NULL,NULL,'成套的、系列化的课程套餐，为你查缺补漏、系统学习提供帮助提高学习效率。套餐种类比较多……','/template/templet1/首页_在线学习模板2.html'),(2494,'/images/upload/template_data_image/20161018/1476771993595.png','','互动式在线问答平台',0,4,NULL,NULL,'在线问答，顶级专业名师，答疑解惑。这也是一个互动知识分享平台。根据自身需求提出问题……','/template/templet1/首页_在线学习模板2.html'),(2495,'/images/upload/template_data_image/20161018/1476772027040.png','','在线学习图书中心',0,5,NULL,NULL,'小而全的在线学习图书中心。致力于传播精品图书，为用户提供集阅读、写作、评书、购书的一站式服务……','/template/templet1/首页_在线学习模板2.html'),(2496,'/images/upload/template_data_image/20161018/1476772051203.png','','在线文库实用知识库',0,6,NULL,NULL,'在线互动式文档分享平台，在这里你可以阅读或免费下载百万优质文档。以开放共享的方式……','/template/templet1/首页_在线学习模板2.html'),(2497,'/images/upload/template_data_image/20161018/1476772563695.jpg','','陈晓薇',0,1,NULL,NULL,'北京师范大学法学院副教授/北京师范大学法学院副教授、清华大学法学博士。自2004年至今已有9年的司法考试培训经验。长期从事司法考试辅导，深知命题规律，了解解题技巧。内容把握准确，授课重点明确，层次分明，调理清晰，将法条法理与案例有机融合，强调综合，深入浅出。','/template/templet1/首页_师资力量模板2.html'),(2498,'/images/upload/template_data_image/20161018/1476772581659.jpg','','李小梅',0,2,NULL,NULL,'资深课程设计专家，专注10年AACTP美国培训协会认证导师/十年课程研发和培训咨询经验，曾任国企人力资源经理、大型外企培训经理，负责企业大学和培训体系搭建；曾任专业培训机构高级顾问、研发部总监，为包括广东移动、东莞移动、深圳移动、南方电网、工商银行、农业银行、民生银行、邮储银行、TCL集团、清华大学继续教育学院、中天路桥、广西扬翔股份等超过200家企业提供过培训与咨询服务，并担任近50个大型项目的总负责人。','/template/templet1/首页_师资力量模板2.html'),(2499,'/images/upload/template_data_image/20161018/1476772595907.jpg','','李立',0,3,NULL,NULL,'上海师范大学法学院副教授/上海师范大学法学院副教授、清华大学法学博士。自2004年至今已有9年的司法考试培训经验。长期从事司法考试辅导，深知命题规律，了解解题技巧。内容把握准确，授课重点明确，层次分明，调理清晰，将法条法理与案例有机融合，强调综合，深入浅出。','/template/templet1/首页_师资力量模板2.html'),(2500,'/images/upload/template_data_image/20161018/1476772608779.jpg','','潘新强',0,4,NULL,NULL,'考研政治辅导实战派专家，全国考研政治命题研究组核心成员。/法学博士，北京师范大学马克思主义学院副教授，专攻毛泽东思想概论、邓小平理论，长期从事考研辅导。出版著作两部，发表学术论文30余篇，主持国家社会科学基金项目和教育部重大课题子课题各一项，参与中央实施马克思主义理论研究和建设工程项目。','/template/templet1/首页_师资力量模板2.html'),(2502,'/images/upload/template_data_image/20161018/1476772824442.jpg','','陈晓薇',0,1,NULL,NULL,'北京师范大学法学院副教授/北京师范大学法学院副教授、清华大学法学博士。自2004年至今已有9年的司法考试培训经验。长期从事司法考试辅导，深知命题规律，了解解题技巧。内容把握准确，授课重点明确，层次分明，调理清晰，将法条法理与案例有机融合，强调综合，深入浅出。','/template/templet1/首页_师资团队模板3.html'),(2503,'/images/upload/template_data_image/20161018/1476772836551.jpg','','李小梅',0,2,NULL,NULL,'资深课程设计专家，专注10年AACTP美国培训协会认证导师/十年课程研发和培训咨询经验，曾任国企人力资源经理、大型外企培训经理，负责企业大学和培训体系搭建；曾任专业培训机构高级顾问、研发部总监，为包括广东移动、东莞移动、深圳移动、南方电网、工商银行、农业银行、民生银行、邮储银行、TCL集团、清华大学继续教育学院、中天路桥、广西扬翔股份等超过200家企业提供过培训与咨询服务，并担任近50个大型项目的总负责人。','/template/templet1/首页_师资团队模板3.html'),(2504,'/images/upload/template_data_image/20161018/1476772851152.jpg','','李立',0,3,NULL,NULL,'上海师范大学法学院副教授/上海师范大学法学院副教授、清华大学法学博士。自2004年至今已有9年的司法考试培训经验。长期从事司法考试辅导，深知命题规律，了解解题技巧。内容把握准确，授课重点明确，层次分明，调理清晰，将法条法理与案例有机融合，强调综合，深入浅出。','/template/templet1/首页_师资团队模板3.html'),(2505,'/images/upload/template_data_image/20161018/1476772862427.jpg','','潘新强',0,4,NULL,NULL,'考研政治辅导实战派专家，全国考研政治命题研究组核心成员。/法学博士，北京师范大学马克思主义学院副教授，专攻毛泽东思想概论、邓小平理论，长期从事考研辅导。出版著作两部，发表学术论文30余篇，主持国家社会科学基金项目和教育部重大课题子课题各一项，参与中央实施马克思主义理论研究和建设工程项目。','/template/templet1/首页_师资团队模板3.html'),(2510,'/images/upload/template_data_image/20161018/1476772824442.jpg','','陈晓薇',0,1,NULL,NULL,'北京师范大学法学院副教授/北京师范大学法学院副教授、清华大学法学博士。自2004年至今已有9年的司法考试培训经验。长期从事司法考试辅导，深知命题规律，了解解题技巧。内容把握准确，授课重点明确，层次分明，调理清晰，将法条法理与案例有机融合，强调综合，深入浅出。','/template/templet1/首页_师资力量.html'),(2511,'/images/upload/template_data_image/20161018/1476772836551.jpg','','李小梅',0,2,NULL,NULL,'资深课程设计专家，专注10年AACTP美国培训协会认证导师/十年课程研发和培训咨询经验，曾任国企人力资源经理、大型外企培训经理，负责企业大学和培训体系搭建；曾任专业培训机构高级顾问、研发部总监，为包括广东移动、东莞移动、深圳移动、南方电网、工商银行、农业银行、民生银行、邮储银行、TCL集团、清华大学继续教育学院、中天路桥、广西扬翔股份等超过200家企业提供过培训与咨询服务，并担任近50个大型项目的总负责人。','/template/templet1/首页_师资力量.html'),(2512,'/images/upload/template_data_image/20161018/1476772851152.jpg','','李立',0,3,NULL,NULL,'上海师范大学法学院副教授/上海师范大学法学院副教授、清华大学法学博士。自2004年至今已有9年的司法考试培训经验。长期从事司法考试辅导，深知命题规律，了解解题技巧。内容把握准确，授课重点明确，层次分明，调理清晰，将法条法理与案例有机融合，强调综合，深入浅出。','/template/templet1/首页_师资力量.html'),(2513,'/images/upload/template_data_image/20161018/1476772862427.jpg','','潘新强',0,4,NULL,NULL,'考研政治辅导实战派专家，全国考研政治命题研究组核心成员。/法学博士，北京师范大学马克思主义学院副教授，专攻毛泽东思想概论、邓小平理论，长期从事考研辅导。出版著作两部，发表学术论文30余篇，主持国家社会科学基金项目和教育部重大课题子课题各一项，参与中央实施马克思主义理论研究和建设工程项目。','/template/templet1/首页_师资力量.html'),(2516,'/template/templet1/images/pic/K12-1.jpg','','小学课程高分提高班',0,1,NULL,NULL,'专业师资团队|让孩子的学习成绩不断攀升!|天天背词，滴水穿石。巧学活用，乐趣十足。让孩子在玩中学，在学中感受学习的乐趣。轻轻松松提高学习成绩，帮孩子成就美好未来。','/template/templet1/首页_特色班级模板7.html'),(2517,'/template/templet1/images/pic/K12-2.jpg','','初中高速提分班',0,2,NULL,NULL,'针对性辅导|量身定制提升方案，重视解题方法，提高正确率。|在学习动力，学习能力，学习毅力三大方面13个维度全方位分析学生类型，迅速把脉学生特点及不足。','/template/templet1/首页_特色班级模板7.html'),(2518,'/template/templet1/images/pic/K12-3.jpg','','高中冲刺班',0,3,NULL,NULL,'状元秘籍|针对训练、超常发挥|由专业心理辅导专家长期跟踪考生心理实践制作而成，有效的针对性训练，在高考最后关头协助考生超长发挥学习水平。','/template/templet1/首页_特色班级模板7.html'),(2519,'/template/templet1/images/pic/K12-4.jpg','','大学就业培训',0,4,NULL,NULL,'专业技能培训|让兴趣决定自己未来的生活|团队经验丰富、技术一流，专业致力于学生就业训练。','/template/templet1/首页_特色班级模板7.html'),(2520,'','','',0,1,NULL,NULL,'张佳|北大附小|作文高分提高班|三个月|30|50','/template/templet1/首页_优秀学员模板7.html'),(2521,'','','',0,2,NULL,NULL,'李雪|北大附小|地理高分提高班|十个月|60|80','/template/templet1/首页_优秀学员模板7.html'),(2522,'','','',0,3,NULL,NULL,'何利|北大附中|政治高分提高班|三个月|30|60','/template/templet1/首页_优秀学员模板7.html'),(2523,'','','',0,4,NULL,NULL,'孟戯龍|师大附小|数学高分提高班|两个月|50|90','/template/templet1/首页_优秀学员模板7.html'),(2524,'','','',0,5,NULL,NULL,'刘晨|北大附小|英语高分提高班|八个月|50|88','/template/templet1/首页_优秀学员模板7.html'),(2525,'','','',0,6,NULL,NULL,'肖辞|北大附中|高分提高班|五个月|30|66','/template/templet1/首页_优秀学员模板7.html'),(2526,'','','',0,7,NULL,NULL,'林凌灵|北大附小|写作高分提高班|一个月|63|99','/template/templet1/首页_优秀学员模板7.html'),(2527,'','','',0,8,NULL,NULL,'彭博|北大附中|高分提高班|十个月|30|98','/template/templet1/首页_优秀学员模板7.html'),(2528,'','','赵曦',0,9,NULL,NULL,'赵曦|北大|英语高分提高班|十个月|50|83','/template/templet1/首页_优秀学员模板7.html'),(2529,'/template/templet1/images/pic/t-pic-1.jpg','','陈晓薇',0,1,NULL,NULL,'北京师范大学法学院副教授、清华大学法学博士。自2004年至今已有9年的司法考试培训经验。长期从事司法考试辅导，深知命题规律，了解解题技巧。内容把握准确，授课重点明确，层次分明，调理清晰，将法条法理与案例有机融合，强调综合，深入浅出。','/template/templet1/首页_师资团队模板7.html'),(2530,'/images/upload/template_data_image/20161018/1476772836551.jpg','','李小梅',0,2,NULL,NULL,'资深课程设计专家，专注10年AACTP美国培训协会认证导师/十年课程研发和培训咨询经验，曾任国企人力资源经理、大型外企培训经理，负责企业大学和培训体系搭建；曾任专业培训机构高级顾问、研发部总监，为包括广东移动、东莞移动、深圳移动、南方电网、工商银行、农业银行、民生银行、邮储银行、TCL集团、清华大学继续教育学院、中天路桥、广西扬翔股份等超过200家企业提供过培训与咨询服务，并担任近50个大型项目的总负责人。','/template/templet1/首页_师资团队模板7.html'),(2531,'/images/upload/template_data_image/20161018/1476772862427.jpg','','潘新强',0,3,NULL,NULL,'考研政治辅导实战派专家，全国考研政治命题研究组核心成员。/法学博士，北京师范大学马克思主义学院副教授，专攻毛泽东思想概论、邓小平理论，长期从事考研辅导。出版著作两部，发表学术论文30余篇，主持国家社会科学基金项目和教育部重大课题子课题各一项，参与中央实施马克思主义理论研究和建设工程项目。','/template/templet1/首页_师资团队模板7.html'),(2532,'/images/upload/template_data_image/20161018/1476772851152.jpg','','李立',0,4,NULL,NULL,'上海师范大学法学院副教授/上海师范大学法学院副教授、清华大学法学博士。自2004年至今已有9年的司法考试培训经验。长期从事司法考试辅导，深知命题规律，了解解题技巧。内容把握准确，授课重点明确，层次分明，调理清晰，将法条法理与案例有机融合，强调综合，深入浅出。','/template/templet1/首页_师资团队模板7.html'),(2536,'/images/upload/template_data_image/20161031/1477900592314.jpg','','',0,1,NULL,NULL,'','/template/templet1/首页_课程分类模板5.html'),(2537,'/images/upload/template_data_image/20161031/1477900604757.jpg','','',0,2,NULL,NULL,'','/template/templet1/首页_课程分类模板5.html'),(2538,'/images/upload/template_data_image/20161031/1477900607711.jpg','','',0,3,NULL,NULL,'','/template/templet1/首页_课程分类模板5.html'),(2539,'/images/upload/template_data_image/20161031/1477900611291.jpg','','',0,4,NULL,NULL,'','/template/templet1/首页_课程分类模板5.html'),(2540,'/images/upload/template_data_image/20161031/1477900614108.jpg','','',0,5,NULL,NULL,'','/template/templet1/首页_课程分类模板5.html'),(2541,'/images/upload/template_data_image/20161031/1477900616608.jpg','','',0,6,NULL,NULL,'','/template/templet1/首页_课程分类模板5.html'),(2542,'/images/upload/template_data_image/20161031/1477900618975.jpg','','',0,7,NULL,NULL,'','/template/templet1/首页_课程分类模板5.html'),(2543,'/images/upload/template_data_image/20161031/1477900621278.jpg','','',0,8,NULL,NULL,'','/template/templet1/首页_课程分类模板5.html'),(2544,'/images/upload/template_data_image/20161031/1477900623660.jpg','','',0,9,NULL,NULL,'','/template/templet1/首页_课程分类模板5.html'),(2545,'/images/upload/template_data_image/20161031/1477900626762.jpg','','',0,10,NULL,NULL,'','/template/templet1/首页_课程分类模板5.html'),(2546,'/images/upload/template_data_image/20161031/1477902016599.jpg','','我们崛起',0,1,NULL,NULL,'公司自主研发的产品包括“网校系统”、“慕课系统”、“直播系统”、“考试系统”、“社区互动平台”、“教育官网”等产品。“因酷云视频”服务，平台可支撑多线程高速上传、多格式输出，满足各种环境的播放方式。未来还会有更多产品上线，敬请期待！','/template/templet1/首页_关于我们模板5.html'),(2547,'/images/upload/template_data_image/20161031/1477902158866.jpg','','我的梦想',0,2,NULL,NULL,'因酷团队必将以滴水穿石的毅力，以精益求精的态度，打造一系列“独具匠心”的在线教育软件。科技因创新而改变，教育因科技而改变，因酷与您一起携手，从现在开始改变教育。','/template/templet1/首页_关于我们模板5.html'),(2548,'/images/upload/template_data_image/20161124/1479949164615.jpg','','我们成立',0,3,NULL,NULL,'我们提供一站式全平台的在线教育解决方案，因酷成立于2015年，核心成员拥有5-7年大型在线教育平台的建设运营经验。旨在帮助更多的中小教育机构创新创业，节约技术投入成本，而让更多的学习者享受到在线教育带来的便利。','/template/templet1/首页_关于我们模板5.html'),(2549,'/images/upload/template_data_image/20161031/1477902374412.jpg','','李小梅',0,1,NULL,NULL,'哈佛大学|STA 2012 TOEFL|北京第四中学','/template/templet1/首页_优秀学员模板5.html'),(2550,'/images/upload/template_data_image/20161031/1477905289530.jpg','','陈晓薇',0,2,NULL,NULL,'约翰·惠普金斯大学|STA 2014 TOEFL|云南师大附中','/template/templet1/首页_优秀学员模板5.html'),(2551,'/images/upload/template_data_image/20161031/1477906520237.jpg','','王健化',0,3,NULL,NULL,'耶鲁大学|STA 2013 TOEFL|北京师大附中','/template/templet1/首页_优秀学员模板5.html'),(2574,'/template/templet1/images/d6-fl-1.png','','名师点拨',0,1,NULL,NULL,'70名行业专家亲授课程，每个专家只讲解最擅长的技术，保证每门课程都为行业最高水平。','/template/templet1/首页_迎战未来的4大因素6.html'),(2575,'/template/templet1/images/d6-fl-2.png','','针对训练',0,2,NULL,NULL,'有针对性的训练，有专业专家一对一量身定制提升方案，有专业的名师进行一对一辅导。','/template/templet1/首页_迎战未来的4大因素6.html'),(2576,'/template/templet1/images/d6-fl-3.png','','在线咨询',0,3,NULL,NULL,'为保障零基础学员学会专业技术我们特邀千名教练全天候辅导学员，随时解答技术难题。','/template/templet1/首页_迎战未来的4大因素6.html'),(2577,'/template/templet1/images/d6-fl-4.png','','定时训练',0,4,NULL,NULL,'每堂课过后都有针对性的考试测试，多种考试方式，错题练习、即时考试，总有一种适合你的方式。','/template/templet1/首页_迎战未来的4大因素6.html'),(2578,'/images/upload/template_data_image/20161123/1479891166225.jpg','','小学课程高分提高班',0,1,NULL,NULL,'天天背词，滴水穿石。巧学活用，乐趣十足。让孩子在玩中学，在学中感受学习的乐趣。轻轻松松提高学习成绩，帮孩子成就美好未来。|2016.10.12','/template/templet1/首页_服务需求模板6.html'),(2579,'/images/upload/template_data_image/20161123/1479891308560.jpg','','初中高速提分班',0,2,NULL,NULL,'在学习动力，学习能力，学习毅力三大方面13个维度全方位分析学生类型，迅速把脉学生特点及不足。|2016.10.12','/template/templet1/首页_服务需求模板6.html'),(2580,'/template/templet1/images/pic/c-1.jpg','','高中教师资格证—笔试全程班',0,3,NULL,NULL,'我们特意绘制了让您用于学习的结构表，状元学员的笔记，帮你充分理解金融投资|2016.10.12','/template/templet1/首页_服务需求模板6.html'),(2581,'/images/upload/template_data_image/20161123/1479891572641.jpg','','高中冲刺班',0,4,NULL,NULL,'由专业心理辅导专家长期跟踪考生心理实践制作而成，有效的针对性训练，在高考最后关头协助考生超长发挥学习水平。|2016.10.12','/template/templet1/首页_服务需求模板6.html'),(2582,'/images/upload/template_data_image/20161123/1479891572641.jpg','','机电工程管理与实务教学班',0,5,NULL,NULL,'《机电工程管理与实务》共分三篇，机电工程技术、机电工程、施工管理实务、机电工程法规及相关规定。|2016.10.12','/template/templet1/首页_服务需求模板6.html'),(2583,'/images/upload/template_data_image/20161123/1479891491849.jpg','','企业人力管理强化班',0,6,NULL,NULL,'考前重点习题强化训练，让学员轻松面对考试！|2016.10.12','/template/templet1/首页_服务需求模板6.html'),(2584,'/images/upload/template_data_image/20161123/1479891471780.jpg','','水利实务特惠班',0,7,NULL,NULL,'加强建设工程项目管理提高工程项目总承包及施工管理专业技术人员素质|2016.10.12','/template/templet1/首页_服务需求模板6.html'),(2585,'/images/upload/template_data_image/20161123/1479891346135.jpg','','大学就业培训',0,8,NULL,NULL,'团队经验丰富、技术一流，专业致力于学生就业训练。|2016.10.12','/template/templet1/首页_服务需求模板6.html'),(2586,'/images/upload/template_data_image/20161101/1477997347379.jpg','','',0,1,NULL,NULL,'','/template/templet1/首页_生活环境模板6.html'),(2587,'/images/upload/template_data_image/20161101/1477997406206.jpg','','',0,2,NULL,NULL,'','/template/templet1/首页_生活环境模板6.html'),(2588,'/template/templet1/images/pic/d5-us-3.jpg','','',0,3,NULL,NULL,'','/template/templet1/首页_生活环境模板6.html'),(2609,'/images/upload/template_data_image/20161130/1480487497618.jpg','','',0,1,NULL,NULL,'','/template/templet1/首页_banner模板4.html'),(2610,'/images/upload/template_data_image/20161017/1476684580430.jpg','','陈晓薇',0,1,NULL,NULL,'北京师范大学法学院副教授','/template/templet1/首页_师资团队模板4.html'),(2611,'/images/upload/template_data_image/20161017/1476684594068.jpg','','李小梅',0,2,NULL,NULL,'资深课程设计专家，专注10年AACTP美国培训协会认证导师','/template/templet1/首页_师资团队模板4.html'),(2612,'/images/upload/template_data_image/20161017/1476684605036.jpg','','李立',0,4,NULL,NULL,'上海师范大学法学院副教授','/template/templet1/首页_师资团队模板4.html'),(2613,'/images/upload/template_data_image/20161017/1476684615568.jpg','','潘新强',0,6,NULL,NULL,'考研政治辅导实战派专家，全国考研政治命题研究组核心成员。','/template/templet1/首页_师资团队模板4.html'),(2619,'/images/upload/template_data_image/20161130/1480466761750.jpg','','企业文化',0,1,'','2016-11-30','我们提供一站式全平台的在线教育解决方案，核心成员拥有5-7年大型在线教育平台的建设运营经验。旨在帮助更多的中小教育机构创新创业，节约技术投入成本，而让更多的学习者享受到在线教育带来的便利。','/template/templet1/首页_关于我们.html'),(2620,'/images/upload/template_data_image/20161130/1480466765042.jpg','','企业精神',0,2,'','2016-11-30','因酷团队必将以滴水穿石的毅力，以精益求精的态度，打造一系列“独具匠心”的在线教育软件。','/template/templet1/首页_关于我们.html'),(2621,'/images/upload/template_data_image/20161130/1480466767837.jpg','','我的发展',0,3,'','2016-11-30','公司成立以来开发了包括“网校系统”、“慕课系统”、“直播系统”、“考试系统”等产品。未来还会有更多产品上线，敬请期待。','/template/templet1/首页_关于我们.html'),(2622,'/images/upload/template_data_image/20161130/1480466770458.jpg','','我得目标',0,4,'','2016-11-30','科技因创新而改变，教育因科技而改变，因酷与您一起携手，从现在开始改变教育。','/template/templet1/首页_关于我们.html'),(2624,'/images/upload/template_data_image/20161130/1480466902295.jpg','','',0,1,'','2016-11-30','','/template/templet1/首页_banner.html'),(2625,'/images/upload/template_data_image/20161130/1480466921588.jpg','','',0,2,'','2016-11-30','','/template/templet1/首页_banner.html'),(2626,'/images/upload/template_data_image/20161018/1476772685013.jpg','','',0,1,'','2016-11-30','','/template/templet1/首页_banner模板2.html'),(2628,'/images/upload/template_data_image/20161130/1480467021590.jpg','','',0,2,'','2016-11-30','','/template/templet1/首页_banner模板2.html'),(2629,'/images/upload/template_data_image/20161021/1477030927772.jpg','','',0,1,'','2016-11-30','','/template/templet1/首页_banner模板3.html'),(2631,'/images/upload/template_data_image/20161130/1480467294951.jpg','','',0,2,'','2016-11-30','','/template/templet1/首页_banner模板3.html'),(2632,'/images/upload/template_data_image/20161130/1480467381076.png','','因酷时代',0,1,'','2016-11-30','亲爱的酷头们，感谢大家一直以来的关注和支持，因酷时代网校系统、慕课系统、考试系统功能于9月1|因酷时代|2012-05-21','/template/templet1/首页_新闻资讯模板4.html'),(2633,'/images/upload/template_data_image/20161018/1476754870082.jpg','','互联网行业的发展前景如何？',0,2,'','2016-11-30','现在互联网行业发展的如此迅速，大家觉得互联网行业的发展前景如何？|因酷时代|2012-05-21 ','/template/templet1/首页_新闻资讯模板4.html'),(2634,'/images/upload/template_data_image/20161130/1480467400298.jpg','','PS特效字体：圣诞积雪立体字',0,3,'','2016-11-30','这是一款很实用、很简单的积雪立体字。在圣诞节的时候，很多广告都采用了这个效果。红红的文字突出了节日的喜庆，厚厚的白雪表现了冬日圣诞的美丽。|因酷时代|2012-05-21','/template/templet1/首页_新闻资讯模板4.html'),(2635,'/images/upload/template_data_image/20161130/1480467404697.jpg','','[活动]周日爬山',0,4,'','2016-11-30','白头山风景不错，有兴趣的一起能加|因酷时代|2012-05-21','/template/templet1/首页_新闻资讯模板4.html'),(2636,'/images/upload/template_data_image/20161130/1480467410625.jpg','','2016年 新一年 新起点 勿忘初心 方得始终',0,5,'','2016-11-30','新的一年猴年来了，祝大家新年快乐！因酷也开始紧锣密鼓地开始进入自己的计划和开发中，回顾15年的点点滴滴，inxedu的成长和大家的关注密不可分。因酷的程序猿有成功，有失败，有欢笑，有汗水，有梦想，有失望，有无数个加班的日夜，只希望因酷更好更完美更加的受大家喜欢。我们将在2016年努力奔跑，一路向前，未来的我们一定会感激现在努力的自己。新一年，新起点，勿忘初心，方得始终！|因酷时代|2012-05-21','/template/templet1/首页_新闻资讯模板4.html'),(2637,'/images/upload/template_data_image/20161031/1477897218506.jpg','','',0,1,'','2016-11-30','','/template/templet1/首页_banner模板5.html'),(2638,'/images/upload/template_data_image/20161130/1480467476288.jpg','','',0,2,'','2016-11-30','','/template/templet1/首页_banner模板5.html'),(2639,'/template/templet1/images/pic/banner-6.jpg','','',0,1,'','2016-11-30','','/template/templet1/首页_banner模板6.html'),(2640,'/images/upload/template_data_image/20161130/1480467514704.jpg','','',0,2,'','2016-11-30','','/template/templet1/首页_banner模板6.html'),(2641,'/template/templet1/images/pic/banner-7.jpg','','',0,1,'','2016-11-30','','/template/templet1/首页_banner模板7.html'),(2642,'/images/upload/template_data_image/20161130/1480467545480.jpg','','',0,2,'','2016-11-30','','/template/templet1/首页_banner模板7.html');

/*Table structure for table `edu_website_images_type` */

DROP TABLE IF EXISTS `edu_website_images_type`;

CREATE TABLE `edu_website_images_type` (
  `TYPE_ID` int(11) NOT NULL AUTO_INCREMENT COMMENT '类型ID',
  `TYPE_NAME` varchar(50) DEFAULT NULL COMMENT '类型名',
  PRIMARY KEY (`TYPE_ID`)
) ENGINE=InnoDB AUTO_INCREMENT=20 DEFAULT CHARSET=utf8 COMMENT='图片类型表';

/*Data for the table `edu_website_images_type` */

insert  into `edu_website_images_type`(`TYPE_ID`,`TYPE_NAME`) values (1,'首页模板一Banner图片'),(11,'底部二维码'),(12,'文章列表'),(14,'首页底部广告图'),(18,'首页模版二banner图'),(19,'模板');

/*Table structure for table `edu_website_navigate` */

DROP TABLE IF EXISTS `edu_website_navigate`;

CREATE TABLE `edu_website_navigate` (
  `ID` int(11) unsigned NOT NULL AUTO_INCREMENT COMMENT 'ID',
  `NAME` varchar(100) NOT NULL DEFAULT '' COMMENT '导航显示名称',
  `URL` varchar(100) NOT NULL DEFAULT '' COMMENT '导航显示位置',
  `NEWPAGE` tinyint(3) NOT NULL DEFAULT '0' COMMENT '是否在新页面打开0是1否',
  `TYPE` varchar(50) NOT NULL DEFAULT '' COMMENT '类型：INDEX首页、USER个人中心、FRIENDLINK尾部友链、TAB尾部标签',
  `ORDERNUM` int(11) NOT NULL DEFAULT '0' COMMENT '显示排序',
  `STATUS` tinyint(3) NOT NULL DEFAULT '0' COMMENT '0正常1冻结',
  `page_id` int(11) NOT NULL COMMENT '导航对应页面id',
  PRIMARY KEY (`ID`)
) ENGINE=InnoDB AUTO_INCREMENT=103 DEFAULT CHARSET=utf8 ROW_FORMAT=COMPACT COMMENT='导航表';

/*Data for the table `edu_website_navigate` */

insert  into `edu_website_navigate`(`ID`,`NAME`,`URL`,`NEWPAGE`,`TYPE`,`ORDERNUM`,`STATUS`,`page_id`) values (1,'首页','/index.html',1,'INDEX',0,0,7),(2,'课程','/course.html',1,'INDEX',1,0,8),(5,'名师','/teacher.html',1,'INDEX',2,0,46),(42,'关于我们','/about_us.html',1,'INDEX',10,0,41),(43,'资讯','/article_list.html',1,'INDEX',8,0,11),(99,'因酷网校','http://wx.inxedu.com/',0,'FRIENDLINK',9,0,138),(100,'因酷社区','http://sns.inxedu.com/',0,'FRIENDLINK',10,0,0),(102,'因酷慕课','http://mooc.inxedu.com/',1,'FRIENDLINK',11,0,0);

/*Table structure for table `edu_website_profile` */

DROP TABLE IF EXISTS `edu_website_profile`;

CREATE TABLE `edu_website_profile` (
  `ID` int(10) unsigned NOT NULL AUTO_INCREMENT,
  `TYPE` varchar(20) NOT NULL DEFAULT '' COMMENT '类型',
  `DESCIPTION` text COMMENT '内容JSON格式',
  `EXPLAIN` varchar(50) DEFAULT '' COMMENT '说明',
  PRIMARY KEY (`ID`)
) ENGINE=MyISAM AUTO_INCREMENT=26 DEFAULT CHARSET=utf8 ROW_FORMAT=DYNAMIC;

/*Data for the table `edu_website_profile` */

insert  into `edu_website_profile`(`ID`,`TYPE`,`DESCIPTION`,`EXPLAIN`) values (1,'web','{\"imgUrl\":\"/images/upload/websiteLogo/20161024/1477277314920.jpg\",\"copyright\":\"Copyright ©2013-2016 版权所有北京因酷时代科技有限公司京ICP备15053495号 京公网安备11010802018055\",\"keywords\":\"INXEDU,在线教育,网校搭建,网校,网络教育,远程教育,云网校,在线学习,在线考试\",\"phone\":\"400-900-8560\",\"author\":\"INXEDU(http://www.inxedu.com)\",\"description\":\"inxedu是一家专注“在线教育平台”的互联网公司，在国内属顶级在线教育解决方案提供商中的领跑者。为中、小型客户提供领先的在线教育平台方案服务。\",\"location\":\"北京海淀区清河路4号7号院\",\"company\":\"因酷在线教育软件\",\"title\":\"中国在线教育平台第一品牌\",\"workTime\":\"9:00-18:00\",\"email\":\"serivce@inxedu.com\",\"logoUrl\":\"/template/templet1/images/logo.png\"}','基本信息的维护'),(4,'censusCode','{\"censusCodeString\":\"\"}','统计代码'),(5,'online','{\"onlineUrl\":\"http://www.baidu.com\",\"onlineImageUrl\":\"/images/upload/online/20150522/1432262143299.png\"}','在线咨询'),(23,'template','{\"footer\":\"\\r\\n\\r\\n</section>\\r\\n<div id=\\\"temSix\\\">\\r\\n\\t<section>\\r\\n\\t\\t\\t\\t<footer class=\\\"footer\\\">\\r\\n\\t\\t\\t<div class=\\\"container\\\">\\r\\n\\r\\n\\t\\t\\t\\t<section class=\\\"clearfix\\\">\\r\\n\\t\\t\\t\\t\\t<div class=\\\"col-8 fl\\\">\\r\\n\\t\\t\\t\\t\\t\\t<div class=\\\"txt\\\">\\r\\n\\t\\t\\t\\t\\t\\t\\t<p class=\\\"tac\\\">\\r\\n\\t\\t\\t\\t\\t\\t\\t\\t<span>\\r\\n\\t\\t\\t\\t\\t\\t\\t\\t\\t<a href=\\\"/about_us.html\\\" title=\\\"关于我们\\\">关于我们</a>\\r\\n\\t\\t\\t\\t\\t\\t\\t\\t</span>\\r\\n\\t\\t\\t\\t\\t\\t\\t\\t<span>\\r\\n\\t\\t\\t\\t\\t\\t\\t\\t\\t服务热线：400-900-8560\\r\\n\\t\\t\\t\\t\\t\\t\\t\\t</span>\\r\\n\\t\\t\\t\\t\\t\\t\\t\\t<span>\\r\\n\\t\\t\\t\\t\\t\\t\\t\\t\\tEmail：serivce@inxedu.com\\r\\n\\t\\t\\t\\t\\t\\t\\t\\t</span>\\r\\n\\t\\t\\t\\t\\t\\t\\t</p>\\r\\n\\t\\t\\t\\t\\t\\t\\t<p class=\\\"tac\\\">\\r\\n\\t\\t\\t\\t\\t\\t\\t\\t<span>\\r\\n\\t\\t\\t\\t\\t\\t\\t\\t\\tCopyright ©2013-2016 版权所有北京因酷时代科技有限公司京ICP备15053495号 京公网安备11010802018055\\r\\n\\t\\t\\t\\t\\t\\t\\t\\t</span>\\r\\n\\t\\t\\t\\t\\t\\t\\t</p>\\r\\n\\t\\t\\t\\t\\t\\t\\t<p class=\\\"tac\\\">\\r\\n\\t\\t\\t\\t\\t\\t\\t\\t<span>\\r\\n\\t\\t\\t\\t\\t\\t\\t\\t\\t<a href=\\\"http://www.inxedu.com\\\" target=\\\"_blank\\\" title=\\\"因酷软件\\\">Powered by 因酷教育软件</a>\\r\\n\\t\\t\\t\\t\\t\\t\\t\\t</span>\\r\\n\\t\\t\\t\\t\\t\\t\\t</p>\\r\\n\\t\\t\\t\\t\\t\\t</div>\\r\\n\\t\\t\\t\\t\\t</div>\\r\\n\\t\\t\\t\\t\\t<div class=\\\"col-2 fl\\\">\\r\\n\\t\\t\\t\\t\\t\\t<div class=\\\"ewm\\\">\\r\\n\\t\\t\\t\\t\\t\\t\\t<em class=\\\"line-ico disIb vam\\\">\\r\\n\\t\\t\\t\\t\\t\\t\\t\\t<img src=\\\"/template/templet1/images/line-ewm.png\\\">\\r\\n\\t\\t\\t\\t\\t\\t\\t</em>\\r\\n\\t\\t\\t\\t\\t\\t\\t<img src=\\\"http://127.0.0.1:81/images/upload/websiteLogo/20161024/1477277314920.jpg\\\" width=\\\"130\\\" height=\\\"130\\\" class=\\\"disIb vam\\\">\\r\\n\\t\\t\\t\\t\\t\\t</div>\\r\\n\\t\\t\\t\\t\\t</div>\\r\\n\\t\\t\\t\\t</section>\\r\\n\\r\\n\\t\\t\\t</div>\\r\\n\\t\\t</footer>\\r\\n\\t</section>\\r\\n</div>\\r\\n\\r\\n</section>\\r\\n</div>\\r\\n\\r\\n<script src=\\\"/template/templet1/js/jquery.js\\\"></script>\\r\\n<script src=\\\"/template/templet1/js/modernizr-custom.js\\\"></script>\\r\\n<script src=\\\"/template/templet1/js/common.js\\\" type=\\\"text/javascript\\\"></script>\\r\\n<script src=\\\"/template/templet1/js/swiper-2.1.0.js\\\" type=\\\"text/javascript\\\"></script>\\r\\n<script src=\\\"/template/templet1/js/mislider.js\\\"></script>\\r\\n<script src=\\\"/template/templet1/js/footer_common.js\\\" type=\\\"text/javascript\\\"></script><!--公共js-->\\r\\n</body>\\r\\n</html>\",\"header\":\"\\r\\n<!DOCTYPE html>\\r\\n<!--[if lt IE 7]>      <html class=\\\"lt-ie9 lt-ie8 lt-ie7\\\"> <![endif]-->\\r\\n<!--[if IE 7]>         <html class=\\\"lt-ie9 lt-ie8\\\"> <![endif]-->\\r\\n<!--[if IE 8]>         <html class=\\\"lt-ie9\\\"> <![endif]-->\\r\\n<!--[if gt IE 8]><!--> <html> <!--<![endif]-->\\r\\n<head>\\r\\n\\t<meta http-equiv=\\\"Content-Type\\\" content=\\\"text/html; charset=utf-8\\\" />\\r\\n\\t<meta http-equiv=\\\"X-UA-Compatible\\\" content=\\\"IE=edge\\\">\\r\\n\\t<meta name=\\\"viewport\\\" content=\\\"width=device-width, initial-scale=1.0\\\">\\r\\n\\t<meta HTTP-EQUIV=\\\"pragma\\\" CONTENT=\\\"no-cache\\\">\\r\\n\\t<meta HTTP-EQUIV=\\\"Cache-Control\\\" CONTENT=\\\"no-cache, must-revalidate\\\">\\r\\n\\t<meta HTTP-EQUIV=\\\"expires\\\" CONTENT=\\\"0\\\">\\r\\n\\t<title></title>\\r\\n\\t<meta name=\\\"keywords\\\" content=\\\"\\\">\\r\\n\\t<meta name=\\\"description\\\" content=\\\"\\\">\\r\\n\\t<meta name=\\\"title\\\" content=\\\"\\\">\\r\\n\\t<meta name=\\\"author\\\" content=\\\"\\\">\\r\\n\\t<link rel=\\\"shortcut icon\\\" href=\\\"favicon.ico\\\" type=\\\"image/x-icon\\\">\\r\\n\\t<link rel=\\\"stylesheet\\\" type=\\\"text/css\\\" href=\\\"/template/templet1/css/reset.css\\\">\\r\\n\\t<link rel=\\\"stylesheet\\\" type=\\\"text/css\\\" href=\\\"/template/templet1/css/web.css\\\">\\r\\n\\t<link rel=\\\"stylesheet\\\" type=\\\"text/css\\\" href=\\\"/template/templet1/css/ie.css\\\">\\r\\n\\t<link href=\\\"/template/templet1/css/mw_320_768.css\\\" rel=\\\"stylesheet\\\" type=\\\"text/css\\\" media=\\\"screen and (min-width: 320px) and (max-width: 1024px)\\\">\\r\\n\\t<script>\\r\\n\\t\\tvar str=\'<link href=\\\"/template/templet1/css/color.css?\'+Math.random()+\'\\\" rel=\\\"stylesheet\\\" type=\\\"text/css\\\"/>\';\\r\\n\\t\\tdocument.write(str);\\r\\n\\r\\n\\r\\n\\t</script>\\r\\n\\t<!--[if lt IE 9]><script src=\\\"/template/templet1/js/html5.js\\\"></script><![endif]-->\\r\\n\\t<script src=\\\"/template/templet1/js/jquery-1.7.2.min.js\\\" type=\\\"text/javascript\\\"></script>\\r\\n\\r\\n</head>\\r\\n<body>\\r\\n<input type=\\\"hidden\\\" id=\\\"selectPageBtn\\\"  value=\\\"selectPageId\\\">\\r\\nFreeMarker template error (DEBUG mode; use RETHROW in production!):\\r\\nTemplate inclusion failed (for parameter value \\\"change_template.ftl\\\"):\\r\\nTemplate not found for name \\\"change_template.ftl\\\".\\r\\nThe name was interpreted by this TemplateLoader: FileTemplateLoader(baseDir=\\\"E:\\\\workspace_inxedu\\\\cp\\\\营销型官网\\\\inxedu_marketing\\\\src\\\\main\\\\webapp\\\", canonicalBasePath=\\\"E:\\\\workspace_inxedu\\\\cp\\\\营销型官网\\\\inxedu_marketing\\\\src\\\\main\\\\webapp\\\\\\\").\\r\\n\\r\\n----\\r\\nFTL stack trace (\\\"~\\\" means nesting-related):\\r\\n\\t- Failed at: #include \\\"change_template.ftl\\\"  [in template \\\"header.ftl\\\" at line 35, column 1]\\r\\n----\\r\\n\\r\\nJava stack trace (for programmers):\\r\\n----\\r\\nfreemarker.core._MiscTemplateException: [... Exception message was already printed; see it above ...]\\r\\n\\tat freemarker.core.Include.accept(Include.java:160)\\r\\n\\tat freemarker.core.Environment.visit(Environment.java:324)\\r\\n\\tat freemarker.core.MixedContent.accept(MixedContent.java:54)\\r\\n\\tat freemarker.core.Environment.visit(Environment.java:324)\\r\\n\\tat freemarker.core.Environment.process(Environment.java:302)\\r\\n\\tat freemarker.template.Template.process(Template.java:325)\\r\\n\\tat com.inxedu.os.common.util.FreeMarkerUtil.analysisTemplate(FreeMarkerUtil.java:33)\\r\\n\\tat com.inxedu.os.edu.controller.website.AdminWebsiteProfileController.updateWebSiteByType(AdminWebsiteProfileController.java:131)\\r\\n\\tat sun.reflect.NativeMethodAccessorImpl.invoke0(Native Method)\\r\\n\\tat sun.reflect.NativeMethodAccessorImpl.invoke(NativeMethodAccessorImpl.java:62)\\r\\n\\tat sun.reflect.DelegatingMethodAccessorImpl.invoke(DelegatingMethodAccessorImpl.java:43)\\r\\n\\tat java.lang.reflect.Method.invoke(Method.java:497)\\r\\n\\tat org.springframework.web.method.support.InvocableHandlerMethod.invoke(InvocableHandlerMethod.java:215)\\r\\n\\tat org.springframework.web.method.support.InvocableHandlerMethod.invokeForRequest(InvocableHandlerMethod.java:132)\\r\\n\\tat org.springframework.web.servlet.mvc.method.annotation.ServletInvocableHandlerMethod.invokeAndHandle(ServletInvocableHandlerMethod.java:104)\\r\\n\\tat org.springframework.web.servlet.mvc.method.annotation.RequestMappingHandlerAdapter.invokeHandleMethod(RequestMappingHandlerAdapter.java:745)\\r\\n\\tat org.springframework.web.servlet.mvc.method.annotation.RequestMappingHandlerAdapter.handleInternal(RequestMappingHandlerAdapter.java:685)\\r\\n\\tat org.springframework.web.servlet.mvc.method.AbstractHandlerMethodAdapter.handle(AbstractHandlerMethodAdapter.java:80)\\r\\n\\tat org.springframework.web.servlet.DispatcherServlet.doDispatch(DispatcherServlet.java:919)\\r\\n\\tat org.springframework.web.servlet.DispatcherServlet.doService(DispatcherServlet.java:851)\\r\\n\\tat org.springframework.web.servlet.FrameworkServlet.processRequest(FrameworkServlet.java:953)\\r\\n\\tat org.springframework.web.servlet.FrameworkServlet.doPost(FrameworkServlet.java:855)\\r\\n\\tat javax.servlet.http.HttpServlet.service(HttpServlet.java:647)\\r\\n\\tat org.springframework.web.servlet.FrameworkServlet.service(FrameworkServlet.java:829)\\r\\n\\tat javax.servlet.http.HttpServlet.service(HttpServlet.java:728)\\r\\n\\tat org.apache.catalina.core.ApplicationFilterChain.internalDoFilter(ApplicationFilterChain.java:305)\\r\\n\\tat org.apache.catalina.core.ApplicationFilterChain.doFilter(ApplicationFilterChain.java:210)\\r\\n\\tat org.apache.tomcat.websocket.server.WsFilter.doFilter(WsFilter.java:51)\\r\\n\\tat org.apache.catalina.core.ApplicationFilterChain.internalDoFilter(ApplicationFilterChain.java:243)\\r\\n\\tat org.apache.catalina.core.ApplicationFilterChain.doFilter(ApplicationFilterChain.java:210)\\r\\n\\tat org.sitemesh.webapp.contentfilter.ContentBufferingFilter.bufferAndPostProcess(ContentBufferingFilter.java:169)\\r\\n\\tat org.sitemesh.webapp.contentfilter.ContentBufferingFilter.doFilter(ContentBufferingFilter.java:126)\\r\\n\\tat org.sitemesh.webapp.SiteMeshFilter.doFilter(SiteMeshFilter.java:120)\\r\\n\\tat org.sitemesh.config.ConfigurableSiteMeshFilter.doFilter(ConfigurableSiteMeshFilter.java:163)\\r\\n\\tat org.apache.catalina.core.ApplicationFilterChain.internalDoFilter(ApplicationFilterChain.java:243)\\r\\n\\tat org.apache.catalina.core.ApplicationFilterChain.doFilter(ApplicationFilterChain.java:210)\\r\\n\\tat org.springframework.web.filter.CharacterEncodingFilter.doFilterInternal(CharacterEncodingFilter.java:88)\\r\\n\\tat org.springframework.web.filter.OncePerRequestFilter.doFilter(OncePerRequestFilter.java:106)\\r\\n\\tat org.apache.catalina.core.ApplicationFilterChain.internalDoFilter(ApplicationFilterChain.java:243)\\r\\n\\tat org.apache.catalina.core.ApplicationFilterChain.doFilter(ApplicationFilterChain.java:210)\\r\\n\\tat com.inxedu.os.common.session.MemcachedSessionFilter.doFilter(MemcachedSessionFilter.java:52)\\r\\n\\tat org.apache.catalina.core.ApplicationFilterChain.internalDoFilter(ApplicationFilterChain.java:243)\\r\\n\\tat org.apache.catalina.core.ApplicationFilterChain.doFilter(ApplicationFilterChain.java:210)\\r\\n\\tat org.apache.catalina.core.StandardWrapperValve.invoke(StandardWrapperValve.java:222)\\r\\n\\tat org.apache.catalina.core.StandardContextValve.invoke(StandardContextValve.java:123)\\r\\n\\tat org.apache.catalina.authenticator.AuthenticatorBase.invoke(AuthenticatorBase.java:502)\\r\\n\\tat org.apache.catalina.core.StandardHostValve.invoke(StandardHostValve.java:171)\\r\\n\\tat org.apache.catalina.valves.ErrorReportValve.invoke(ErrorReportValve.java:100)\\r\\n\\tat org.apache.catalina.valves.AccessLogValve.invoke(AccessLogValve.java:953)\\r\\n\\tat org.apache.catalina.core.StandardEngineValve.invoke(StandardEngineValve.java:118)\\r\\n\\tat org.apache.catalina.connector.CoyoteAdapter.service(CoyoteAdapter.java:408)\\r\\n\\tat org.apache.coyote.http11.AbstractHttp11Processor.process(AbstractHttp11Processor.java:1041)\\r\\n\\tat org.apache.coyote.AbstractProtocol$AbstractConnectionHandler.process(AbstractProtocol.java:603)\\r\\n\\tat org.apache.tomcat.util.net.JIoEndpoint$SocketProcessor.run(JIoEndpoint.java:312)\\r\\n\\tat java.util.concurrent.ThreadPoolExecutor.runWorker(ThreadPoolExecutor.java:1142)\\r\\n\\tat java.util.concurrent.ThreadPoolExecutor$Worker.run(ThreadPoolExecutor.java:617)\\r\\n\\tat java.lang.Thread.run(Thread.java:745)\\r\\nCaused by: freemarker.template.TemplateNotFoundException: Template not found for name \\\"change_template.ftl\\\".\\r\\nThe name was interpreted by this TemplateLoader: FileTemplateLoader(baseDir=\\\"E:\\\\workspace_inxedu\\\\cp\\\\营销型官网\\\\inxedu_marketing\\\\src\\\\main\\\\webapp\\\", canonicalBasePath=\\\"E:\\\\workspace_inxedu\\\\cp\\\\营销型官网\\\\inxedu_marketing\\\\src\\\\main\\\\webapp\\\\\\\").\\r\\n\\tat freemarker.template.Configuration.getTemplate(Configuration.java:1833)\\r\\n\\tat freemarker.core.Environment.getTemplateForInclusion(Environment.java:2044)\\r\\n\\tat freemarker.core.Include.accept(Include.java:158)\\r\\n\\t... 56 more\"}','template'),(24,'color','{\"color\":\"#FF3400\"}','color'),(25,'defaultTemplateId','{\"defaultTemplateId\":\"7\"}','默认模板id');

/*Table structure for table `sys_log` */

DROP TABLE IF EXISTS `sys_log`;

CREATE TABLE `sys_log` (
  `id` int(11) NOT NULL AUTO_INCREMENT COMMENT '主键',
  `adminUserId` int(11) DEFAULT NULL COMMENT '后台用户id',
  `create_time` timestamp NULL DEFAULT NULL COMMENT '创建时间',
  `content` text COMMENT '描述内容',
  `operation` varchar(100) DEFAULT NULL COMMENT '操作类型',
  `type` varchar(50) DEFAULT NULL COMMENT '类型：add添加 update 更新 del 删除操作',
  PRIMARY KEY (`id`)
) ENGINE=InnoDB DEFAULT CHARSET=utf8 COMMENT='后台系统操作日志';

/*Data for the table `sys_log` */

/*Table structure for table `sys_login_log` */

DROP TABLE IF EXISTS `sys_login_log`;

CREATE TABLE `sys_login_log` (
  `LOG_ID` int(11) NOT NULL AUTO_INCREMENT,
  `LOGIN_TIME` timestamp NULL DEFAULT NULL COMMENT '登录时间',
  `IP` varchar(20) DEFAULT NULL COMMENT '登录IP',
  `USER_ID` int(11) DEFAULT '0' COMMENT '用户ID',
  `OS_NAME` varchar(50) DEFAULT NULL COMMENT '操作系统',
  `USER_AGENT` varchar(50) DEFAULT NULL COMMENT '浏览器',
  PRIMARY KEY (`LOG_ID`)
) ENGINE=InnoDB DEFAULT CHARSET=utf8;

/*Data for the table `sys_login_log` */

/*Table structure for table `sys_template_datasource` */

DROP TABLE IF EXISTS `sys_template_datasource`;

CREATE TABLE `sys_template_datasource` (
  `data_key` varchar(20) NOT NULL COMMENT '数据key',
  `data_url` varchar(200) DEFAULT NULL COMMENT '获取数据接口路径',
  `describe` varchar(300) DEFAULT NULL COMMENT '描述',
  `url_type` int(2) DEFAULT NULL COMMENT '请求地址类型 1,网校 2，社区',
  PRIMARY KEY (`data_key`)
) ENGINE=InnoDB DEFAULT CHARSET=utf8 COMMENT='模板动态数据来源';

/*Data for the table `sys_template_datasource` */

insert  into `sys_template_datasource`(`data_key`,`data_url`,`describe`,`url_type`) values ('allCourse','/webapp/typeCourse?order=ALL','从网校获取全部课程信息',1),('course','/webapp/courseList?num=6','从网校获取6条精品课程信息',1),('goodCourse','/webapp/courseList?num=8','从网校获取8条精品课程信息',1),('newCourse','/webapp/typeCourse?order=NEW','从网校获取最新课程信息',1);

/*Table structure for table `sys_template_original` */

DROP TABLE IF EXISTS `sys_template_original`;

CREATE TABLE `sys_template_original` (
  `id` int(11) NOT NULL AUTO_INCREMENT,
  `name` varchar(50) DEFAULT NULL COMMENT '模板名字',
  `content` text COMMENT '模板文件内容',
  PRIMARY KEY (`id`)
) ENGINE=MyISAM AUTO_INCREMENT=33 DEFAULT CHARSET=utf8 COMMENT='模板原始文件';

/*Data for the table `sys_template_original` */

insert  into `sys_template_original`(`id`,`name`,`content`) values (1,'公共头部模板1.html','<!DOCTYPE html>\r\n<!--[if lt IE 7]>      <html class=\"lt-ie9 lt-ie8 lt-ie7\"> <![endif]-->\r\n<!--[if IE 7]>         <html class=\"lt-ie9 lt-ie8\"> <![endif]-->\r\n<!--[if IE 8]>         <html class=\"lt-ie9\"> <![endif]-->\r\n<!--[if gt IE 8]><!--> <html> <!--<![endif]-->\r\n<head>\r\n	<meta http-equiv=\"Content-Type\" content=\"text/html; charset=utf-8\" />\r\n	<meta http-equiv=\"X-UA-Compatible\" content=\"IE=edge\">\r\n	<meta name=\"viewport\" content=\"width=device-width, initial-scale=1.0\">\r\n	<title>首页--北京因酷时代科技有限公司</title>\r\n	<meta name=\"keywords\" content=\"\">\r\n	<meta name=\"description\" content=\"\">\r\n	<meta name=\"title\" content=\"\">\r\n	<meta name=\"author\" content=\"北京因酷时代科技有限公司\">\r\n	<link rel=\"shortcut icon\" href=\"favicon.ico\" type=\"image/x-icon\">\r\n	<link rel=\"stylesheet\" type=\"text/css\" href=\"/template/templet1/css/reset.css\">\r\n	<link rel=\"stylesheet\" type=\"text/css\" href=\"/template/templet1/css/web.css\">\r\n	<link href=\"/template/templet1/css/mw_320_768.css\" rel=\"stylesheet\" type=\"text/css\" media=\"screen and (min-width: 320px) and (max-width: 1024px)\">\r\n	<link rel=\"stylesheet\" type=\"text/css\" href=\"/template/templet1/css/color.css\">\r\n	<!--[if lt IE 9]><script src=\"/template/templet1/js/html5.js\"></script><![endif]-->\r\n	<script src=\"/template/templet1/js/jquery-1.7.2.min.js\" type=\"text/javascript\"></script>\r\n	<script src=\"/template/templet1/js/header/header.js\"></script>\r\n</head>\r\n<body>\r\n<div class=\"in-wrap i-main\" >\r\n	<div class=\"h-mobile-mask\"></div>\r\n\r\n	<div class=\"head-mobile\">\r\n		<div class=\"head-mobile-box\">\r\n			<#if (websiteNavigates??)>\r\n				<nav class=\"mw-nav\">\r\n					<ul class=\"clearfix headerhtml\">\r\n						<#list websiteNavigates as websiteNavigates>\r\n							<li >\r\n								<a href=\"${websiteNavigates.url}\" title=\"${websiteNavigates.name}\" >${websiteNavigates.name}</a>\r\n							</li>\r\n						</#list>\r\n					</ul>\r\n				</nav>\r\n			</#if>\r\n		</div>\r\n	</div>\r\n	<section  id=\"aCoursesList\">\r\n\r\n		<div id=\"temOne\">\r\n			<section>\r\n				<header id=\"header\" class=\"pa-header\">\r\n					<div class=\"container\">\r\n						<section class=\"header-wrap\">\r\n							<h1 class=\"logo\">\r\n								<a href=\"/\" title=\"因酷教育软件—免费开源平台系统源代码轻松搭建在线教育平台\">\r\n									<img src=\"${ctx}//template/templet1/images/logo.png\" alt=\"\">\r\n								</a>\r\n							</h1>\r\n							<!-- /nav -->\r\n							<#if (websiteNavigates??)>\r\n								<div id=\"nav\" class=\"nav-left nav\">\r\n									<ul class=\"clearfix\">\r\n										<#list websiteNavigates as websiteNavigates>\r\n											<li >\r\n												<a href=\"${websiteNavigates.url}\" title=\"${websiteNavigates.name}\" class=\"nav-fir\">${websiteNavigates.name}</a>\r\n											</li>\r\n										</#list>\r\n									</ul>\r\n								</div>\r\n							</#if>\r\n							<aside class=\"mw-nav-btn\">\r\n								<div class=\"mw-nav-icon\"></div>\r\n							</aside>\r\n							<!-- /nav-mobile -->\r\n						</section>\r\n					</div>\r\n				</header>\r\n			</section>\r\n		</div>\r\n'),(2,'公共头部模板2.html','<!DOCTYPE html>\r\n<!--[if lt IE 7]>      <html class=\"lt-ie9 lt-ie8 lt-ie7\"> <![endif]-->\r\n<!--[if IE 7]>         <html class=\"lt-ie9 lt-ie8\"> <![endif]-->\r\n<!--[if IE 8]>         <html class=\"lt-ie9\"> <![endif]-->\r\n<!--[if gt IE 8]><!--> <html> <!--<![endif]-->\r\n<head>\r\n    <meta http-equiv=\"Content-Type\" content=\"text/html; charset=utf-8\" />\r\n    <meta http-equiv=\"X-UA-Compatible\" content=\"IE=edge\">\r\n    <meta name=\"viewport\" content=\"width=device-width, initial-scale=1.0\">\r\n    <title>首页-模板四--北京因酷时代科技有限公司</title>\r\n    <meta name=\"keywords\" content=\"\">\r\n    <meta name=\"description\" content=\"\">\r\n    <meta name=\"title\" content=\"\">\r\n    <meta name=\"author\" content=\"北京因酷时代科技有限公司\">\r\n    <link rel=\"shortcut icon\" href=\"favicon.ico\" type=\"image/x-icon\">\r\n    <link rel=\"stylesheet\" type=\"text/css\" href=\"/template/templet1/css/reset.css\">\r\n    <link rel=\"stylesheet\" type=\"text/css\" href=\"/template/templet1/css/web.css\">\r\n    <link rel=\"stylesheet\" type=\"text/css\" href=\"/template/templet1/css/ie.css\">\r\n    <link rel=\"stylesheet\" type=\"text/css\" href=\"/template/templet1/css/mislider.css\">\r\n    <link rel=\"stylesheet\" type=\"text/css\" href=\"/template/templet1/css/mislider-skin-cameo.css\">\r\n    <link href=\"/template/templet1/css/mw_320_768.css\" rel=\"stylesheet\" type=\"text/css\" media=\"screen and (min-width: 320px) and (max-width: 1024px)\">\r\n    <link rel=\"stylesheet\" type=\"text/css\" href=\"/template/templet1/css/color.css\">\r\n    <!--[if lt IE 9]><script src=\"/template/templet1/js/html5.js\"></script><![endif]-->\r\n    <script src=\"/template/templet1/js/jquery-1.7.2.min.js\" type=\"text/javascript\"></script>\r\n    <script src=\"/template/templet1/js/header/header.js\"></script>\r\n</head>\r\n<body>\r\n<div class=\"in-wrap\">\r\n    <div class=\"i-main demo4-main\">\r\n        <div class=\"h-mobile-mask\"></div>\r\n        <div class=\"head-mobile\">\r\n            <div class=\"head-mobile-box\">\r\n                <#if (websiteNavigates??)>\r\n                <nav class=\"mw-nav\">\r\n                    <ul class=\"clearfix\">\r\n                        <#list websiteNavigates as websiteNavigates>\r\n                            <li >\r\n                                <a href=\"${websiteNavigates.url}\" title=\"${websiteNavigates.name}\" >${websiteNavigates.name}</a>\r\n                            </li>\r\n                        </#list>\r\n                    </ul>\r\n                </nav>\r\n                </#if>\r\n            </div>\r\n        </div>\r\n        <section class=\"\" id=\"aCoursesList\">\r\n            <div id=\"temOne\">\r\n                <section>\r\n                    <header id=\"header\" class=\"pa-header n-bg-header\">\r\n                        <div class=\"container\">\r\n                            <section class=\"header-wrap\">\r\n                                <h1 class=\"logo logo-w\">\r\n                                    <a href=\"/\" title=\"因酷教育软件—免费开源平台系统源代码轻松搭建在线教育平台\">\r\n                                        <img src=\"/template/templet1/images/logo-w.png\" alt=\"\">\r\n                                    </a>\r\n                                </h1>\r\n                                <#if (websiteNavigates??)>\r\n                                <!-- /nav -->\r\n                                <div id=\"nav\" class=\"nav nav-left\">\r\n                                    <ul class=\"clearfix\">\r\n                                        <#list websiteNavigates as websiteNavigates>\r\n                                            <li>\r\n                                                <a href=\"${websiteNavigates.url}\" title=\"${websiteNavigates.name}\" class=\"nav-fir w-nav\">${websiteNavigates.name}</a>\r\n                                            </li>\r\n                                        </#list>\r\n                                    </ul>\r\n                                </div>\r\n                                <aside class=\"mw-nav-btn\">\r\n                                    <div class=\"mw-nav-icon mw-nav-icon-w\"></div>\r\n                                </aside>\r\n                                <!-- /nav-mobile -->\r\n                                </#if>\r\n                            </section>\r\n                        </div>\r\n                    </header>\r\n                </section>\r\n            </div>\r\n\r\n'),(3,'公共尾部模板1.html','</section>\r\n<div id=\"temSix\">\r\n	<section>\r\n		<footer class=\"footer\">\r\n			<div class=\"container\">\r\n				<section class=\"clearfix\">\r\n					<div class=\"col-8 fl\">\r\n						<div class=\"txt\">\r\n							<p class=\"tac\">\r\n								<span>\r\n									<a href=\"\" title=\"关于我们\">关于我们</a>\r\n								</span>\r\n								<span>\r\n									服务热线：400-006-5079\r\n								</span>\r\n								<span>\r\n									Email：serivce@inxedu.com\r\n								</span>\r\n							</p>\r\n							<p class=\"tac\">\r\n								<span>\r\n									opyright ©2010-2016 INXEDU 版权所有最终解释权归北京因酷时代科技有限公司所有\r\n								</span>\r\n								<span>\r\n									京ICP备15053495号 京公网安备11010802018055\r\n								</span>\r\n							</p>\r\n							<p class=\"tac\">\r\n								<span>\r\n									<a href=\"\" title=\"因酷软件\">Powered by 因酷软件</a>\r\n								</span>\r\n							</p>\r\n						</div>\r\n					</div>\r\n					<div class=\"col-2 fl\">\r\n						<div class=\"ewm\">\r\n							<em class=\"line-ico disIb vam\">\r\n								<img src=\"/template/templet1/images/line-ewm.png\">\r\n							</em>\r\n							<img src=\"/template/templet1/images/ewm.jpg\" width=\"130\" height=\"130\" class=\"disIb vam\">\r\n						</div>\r\n					</div>\r\n				</section>\r\n			</div>\r\n		</footer>\r\n	</section>\r\n</div>\r\n</section>\r\n</div>\r\n<script src=\"/template/templet1/js/common.js\" type=\"text/javascript\"></script>\r\n<script src=\"/template/templet1/js/swiper-2.1.0.js\" type=\"text/javascript\"></script>\r\n<script type=\"text/javascript\">\r\n	/**\r\n	 * 检查是否手机\r\n	 */\r\n	function checkIsMobile(){\r\n		var sUserAgent = navigator.userAgent.toLowerCase();\r\n		var bIsIpad = sUserAgent.match(/ipad/i) == \"ipad\";\r\n		var bIsIphoneOs = sUserAgent.match(/iphone os/i) == \"iphone os\";\r\n		var bIsMidp = sUserAgent.match(/midp/i) == \"midp\";\r\n		var bIsUc7 = sUserAgent.match(/rv:1.2.3.4/i) == \"rv:1.2.3.4\";\r\n		var bIsUc = sUserAgent.match(/ucweb/i) == \"ucweb\";\r\n		var bIsAndroid = sUserAgent.match(/android/i) == \"android\";\r\n		var bIsCE = sUserAgent.match(/windows ce/i) == \"windows ce\";\r\n		var bIsWM = sUserAgent.match(/windows mobile/i) == \"windows mobile\";\r\n		if (bIsIphoneOs || bIsMidp || bIsUc7 || bIsUc || bIsAndroid || bIsCE || bIsWM) { // 移动端环境下效果\r\n			return true;\r\n		}\r\n		return false;\r\n	}\r\n</script>\r\n<script>\r\n	$(function() {\r\n		wmNavFun(); // 手机端导航方法\r\n		sSwiperFun(); //幻灯片调取\r\n		scrollLoad(); //响应滚动加载课程图片\r\n	})\r\n</script>\r\n</body>\r\n</html>'),(4,'公共尾部模板2.html','<div id=\"temSix\">\r\n    <section>\r\n        <footer class=\"footer\">\r\n            <div class=\"container\">\r\n                <section class=\"clearfix\">\r\n                    <div class=\"col-8 fl\">\r\n                        <div class=\"txt\">\r\n                            <p class=\"tac\">\r\n											<span>\r\n												<a href=\"\" title=\"关于我们\">关于我们</a>\r\n											</span>\r\n                                <span>\r\n												服务热线：400-006-5079\r\n											</span>\r\n                                <span>\r\n												Email：serivce@inxedu.com\r\n											</span>\r\n                            </p>\r\n                            <p class=\"tac\">\r\n											<span>\r\n												opyright ©2010-2016 INXEDU 版权所有最终解释权归北京因酷时代科技有限公司所有\r\n											</span>\r\n                                <span>\r\n												京ICP备15053495号 京公网安备11010802018055\r\n											</span>\r\n                            </p>\r\n                            <p class=\"tac\">\r\n											<span>\r\n												<a href=\"\" title=\"因酷软件\">Powered by 因酷软件</a>\r\n											</span>\r\n                            </p>\r\n                        </div>\r\n                    </div>\r\n                    <div class=\"col-2 fl\">\r\n                        <div class=\"ewm\">\r\n                            <em class=\"line-ico disIb vam\">\r\n                                <img src=\"/template/templet1/images/line-ewm.png\">\r\n                            </em>\r\n                            <img src=\"/template/templet1/images/ewm.jpg\" width=\"130\" height=\"130\" class=\"disIb vam\">\r\n                        </div>\r\n                    </div>\r\n                </section>\r\n            </div>\r\n        </footer>\r\n    </section>\r\n</div>\r\n</section>\r\n</div>\r\n</div>\r\n<script src=\"/template/templet1/js/modernizr-custom.js\"></script>\r\n<!-- <script src=\"js/jquery-1.7.2.min.js\" type=\"text/javascript\"></script> -->\r\n<script src=\"/template/templet1/js/jquery.js\"></script>\r\n<script src=\"/template/templet1/js/common.js\" type=\"text/javascript\"></script>\r\n<script src=\"/template/templet1/js/mislider.js\"></script>\r\n<script type=\"text/javascript\">\r\n    /**\r\n     * 检查是否手机\r\n     */\r\n    function checkIsMobile(){\r\n        var sUserAgent = navigator.userAgent.toLowerCase();\r\n        var bIsIpad = sUserAgent.match(/ipad/i) == \"ipad\";\r\n        var bIsIphoneOs = sUserAgent.match(/iphone os/i) == \"iphone os\";\r\n        var bIsMidp = sUserAgent.match(/midp/i) == \"midp\";\r\n        var bIsUc7 = sUserAgent.match(/rv:1.2.3.4/i) == \"rv:1.2.3.4\";\r\n        var bIsUc = sUserAgent.match(/ucweb/i) == \"ucweb\";\r\n        var bIsAndroid = sUserAgent.match(/android/i) == \"android\";\r\n        var bIsCE = sUserAgent.match(/windows ce/i) == \"windows ce\";\r\n        var bIsWM = sUserAgent.match(/windows mobile/i) == \"windows mobile\";\r\n        if (bIsIphoneOs || bIsMidp || bIsUc7 || bIsUc || bIsAndroid || bIsCE || bIsWM) { // 移动端环境下效果\r\n            return true;\r\n        }\r\n        return false;\r\n    }\r\n</script>\r\n<script>\r\n    $(function() {\r\n        wmNavFun(); // 手机端导航方法\r\n        scrollLoad(); //响应滚动加载课程图片\r\n        upSlideFun(\"#iQuestion\"); //向上滚动互动\r\n        jQuery(function ($) {\r\n            var slider = $(\'.mis-stage\').miSlider({\r\n                //  The height of the stage in px. Options: false or positive integer. false = height is calculated using maximum slide heights. Default: false\r\n                stageHeight: 380,\r\n                //  Number of slides visible at one time. Options: false or positive integer. false = Fit as many as possible.  Default: 1\r\n                slidesOnStage: false,\r\n                //  The location of the current slide on the stage. Options: \'left\', \'right\', \'center\'. Defualt: \'left\'\r\n                slidePosition: \'center\',\r\n                //  The slide to start on. Options: \'beg\', \'mid\', \'end\' or slide number starting at 1 - \'1\',\'2\',\'3\', etc. Defualt: \'beg\'\r\n                slideStart: \'mid\',\r\n                //  The relative percentage scaling factor of the current slide - other slides are scaled down. Options: positive number 100 or higher. 100 = No scaling. Defualt: 100\r\n                slideScaling: 150,\r\n                //  The vertical offset of the slide center as a percentage of slide height. Options:  positive or negative number. Neg value = up. Pos value = down. 0 = No offset. Default: 0\r\n                offsetV: -5,\r\n                //  Center slide contents vertically - Boolean. Default: false\r\n                centerV: true,\r\n                //  Opacity of the prev and next button navigation when not transitioning. Options: Number between 0 and 1. 0 (transparent) - 1 (opaque). Default: .5\r\n                navButtonsOpacity: 1\r\n            });\r\n        });\r\n    })\r\n</script>\r\n</body>\r\n</html>'),(5,'关于我们_广告图.html','<div id=\"temTwo\">\r\n	<section class=\"of\">\r\n		<div class=\"banner-box-all\">\r\n			<div class=\"ab-us-banner\">\r\n				<img src=\"/template/templet1/images/ab-us-bg.jpg\">\r\n			</div>\r\n		</div>\r\n	</section>\r\n</div>'),(6,'关于我们_我们是谁.html','<div id=\"temThree\">\r\n	<section>\r\n		<div>\r\n			<div class=\"comm-title comm-title-3\">\r\n				<section class=\"container\">\r\n					<header class=\"clearfix\">\r\n						<h3 class=\"unFw tac hLh40\">\r\n							<span class=\"disIb fsize34 f-fH c-333\">我们是谁</span>\r\n							<span class=\"disIb fsize34 f-fM c-master ml5 mr5\">/</span>\r\n							<span class=\"disIb fsize14 f-fM c-999\">WHO ARE WE</span>\r\n						</h3>\r\n					</header>\r\n				</section>\r\n			</div>\r\n			<div class=\"o-s-txtbox\">\r\n				<article class=\"container\">\r\n					<div class=\"o-s-txt-in us-txtbox\">\r\n						<article class=\"us-m-txt\">\r\n							<em class=\"s-yh yh-ico\">\r\n								<img src=\"/template/templet1/images/yh-s.png\">\r\n							</em>\r\n							<span class=\"line-l\">&nbsp;</span>\r\n							<span class=\"line-b\">&nbsp;</span>\r\n							<div class=\"us-m-t-in\">\r\n								<p class=\"c-666 f-fM fsize16\">北京因酷时代科技有限公司是国内领先的开源在线教育基础服务提供商。我们是一个优秀的团队，成员全部都服务过业内互联网大公司，有着5-10年以上互联网经验。我们专注在线教育基础服务，开发出符合互联网发展潮流接地气儿的在线教育产品。我们免费，我们专心做在线教育开源产品。我们怀揣梦想，愿与大家携手，“以开源节流”为宗旨，服务与更多的中小型教育机构和个人。</p>\r\n							</div>\r\n							<div class=\"txt-line-us tar hLh30 mt50\">\r\n								<span class=\"fsize24 f-fM c-333 mr5 disFw\">——</span>\r\n								<span class=\"fsize24 f-fM c-333\">因酷时代</span>\r\n							</div>\r\n						</article>\r\n					</div>\r\n				</article>\r\n			</div>\r\n		</div>\r\n	</section>\r\n</div>'),(7,'关于我们_我们的优势.html','<div id=\"temFour\">\r\n	<section>\r\n		<div class=\"b-fa\">\r\n			<div class=\"comm-title comm-title-3\">\r\n				<section class=\"container\">\r\n					<header class=\"clearfix\">\r\n						<h3 class=\"unFw tac hLh40\">\r\n							<span class=\"disIb fsize34 f-fH c-333\">我们的优势</span>\r\n							<span class=\"disIb fsize34 f-fM c-master ml5 mr5\">/</span>\r\n							<span class=\"disIb fsize14 f-fM c-999\">OUR GOAL</span>\r\n						</h3>\r\n					</header>\r\n				</section>\r\n			</div>\r\n			<div class=\"us-main\">\r\n				<section class=\"container\">\r\n					<div class=\"i-teach-box\">\r\n						<ul class=\"clearfix\">\r\n							<li>\r\n								<section class=\"i-teach-wrap us-ys-wrap\">\r\n									<div class=\"us-ys-pic i-teach-pic\">\r\n										<img src=\"/template/templet1/images/us-ys-1.png\">\r\n									</div>\r\n									<div class=\"mt30 hLh30 txtOf tac\">\r\n										<span class=\"fsize18 f-fM disFw\">低成本</span>\r\n									</div>\r\n									<div class=\"mt15 i-q-txt\">\r\n										<p class=\"c-999 f-fM\">低成本软件投入，行业最低有效解决初创型公司资金不足的问题，支持创业</p>\r\n									</div>\r\n								</section>\r\n							</li>\r\n							<li>\r\n								<section class=\"i-teach-wrap us-ys-wrap\">\r\n									<div class=\"us-ys-pic i-teach-pic\">\r\n										<img src=\"/template/templet1/images/us-ys-2.png\">\r\n									</div>\r\n									<div class=\"mt30 hLh30 txtOf tac\">\r\n										<span class=\"fsize18 f-fM disFw\">终身制</span>\r\n									</div>\r\n									<div class=\"mt15 i-q-txt\">\r\n										<p class=\"c-999 f-fM\">低成本软件投入，行业最低有效解决初创型公司资金不足的问题，支持创业</p>\r\n									</div>\r\n								</section>\r\n							</li>\r\n							<li>\r\n								<section class=\"i-teach-wrap us-ys-wrap\">\r\n									<div class=\"us-ys-pic i-teach-pic\">\r\n										<img src=\"/template/templet1/images/us-ys-3.png\">\r\n									</div>\r\n									<div class=\"mt30 hLh30 txtOf tac\">\r\n										<span class=\"fsize18 f-fM disFw\">团队强</span>\r\n									</div>\r\n									<div class=\"mt15 i-q-txt\">\r\n										<p class=\"c-999 f-fM\">低成本软件投入，行业最低有效解决初创型公司资金不足的问题，支持创业</p>\r\n									</div>\r\n								</section>\r\n							</li>\r\n							<li>\r\n								<section class=\"i-teach-wrap us-ys-wrap\">\r\n									<div class=\"us-ys-pic i-teach-pic\">\r\n										<img src=\"/template/templet1/images/us-ys-1.png\">\r\n									</div>\r\n									<div class=\"mt30 hLh30 txtOf tac\">\r\n										<span class=\"fsize18 f-fM disFw\">技术优</span>\r\n									</div>\r\n									<div class=\"mt15 i-q-txt\">\r\n										<p class=\"c-999 f-fM\">低成本软件投入，行业最低有效解决初创型公司资金不足的问题，支持创业</p>\r\n									</div>\r\n								</section>\r\n							</li>\r\n						</ul>\r\n					</div>\r\n				</section>\r\n			</div>\r\n		</div>\r\n	</section>\r\n</div>'),(8,'关于我们_我们的服务.html','<div id=\"temFive\">\r\n	<section>\r\n		<div class=\"\">\r\n			<div class=\"comm-title comm-title-3\">\r\n				<section class=\"container\">\r\n					<header class=\"clearfix\">\r\n						<h3 class=\"unFw tac hLh40\">\r\n							<span class=\"disIb fsize34 f-fH c-333\">我们的服务</span>\r\n							<span class=\"disIb fsize34 f-fM c-master ml5 mr5\">/</span>\r\n							<span class=\"disIb fsize14 f-fM c-999\">	OUR SERVICE</span>\r\n						</h3>\r\n					</header>\r\n				</section>\r\n			</div>\r\n			<div class=\"us-main\">\r\n				<section class=\"container\">\r\n					<div class=\"list-five-box\">\r\n						<ul class=\"clearfix\">\r\n							<li class=\"current\">\r\n								<section class=\"l-f-infor\">\r\n									<div class=\"l-f-in-pic\">\r\n										<img src=\"/template/templet1/images/us-fw-1.png\">\r\n									</div>\r\n									<div class=\"mt30 hLh30 txtOf tac name-tit\">\r\n										<span class=\"fsize18 f-fM name\">一站签约在线支付</span>\r\n									</div>\r\n									<em class=\"up-sj\">\r\n										<img src=\"/template/templet1/images/up-sj.png\" class=\"dis\" width=\"100%\" height=\"100%\">\r\n									</em>\r\n								</section>\r\n							</li>\r\n							<li>\r\n								<section class=\"l-f-infor\">\r\n									<div class=\"l-f-in-pic\">\r\n										<img src=\"/template/templet1/images/us-fw-2.png\">\r\n									</div>\r\n									<div class=\"mt30 hLh30 txtOf tac name-tit\">\r\n										<span class=\"fsize18 f-fM name\">多种在线登录方式</span>\r\n									</div>\r\n									<em class=\"up-sj\">\r\n										<img src=\"/template/templet1/images/up-sj.png\" class=\"dis\" width=\"100%\" height=\"100%\">\r\n									</em>\r\n								</section>\r\n							</li>\r\n							<li>\r\n								<section class=\"l-f-infor\">\r\n									<div class=\"l-f-in-pic\">\r\n										<img src=\"/template/templet1/images/us-fw-3.png\">\r\n									</div>\r\n									<div class=\"mt30 hLh30 txtOf tac name-tit\">\r\n										<span class=\"fsize18 f-fM name\">网站配置化管理</span>\r\n									</div>\r\n									<em class=\"up-sj\">\r\n										<img src=\"/template/templet1/images/up-sj.png\" class=\"dis\" width=\"100%\" height=\"100%\">\r\n									</em>\r\n								</section>\r\n							</li>\r\n							<li>\r\n								<section class=\"l-f-infor\">\r\n									<div class=\"l-f-in-pic\">\r\n										<img src=\"/template/templet1/images/us-fw-4.png\">\r\n									</div>\r\n									<div class=\"mt30 hLh30 txtOf tac name-tit\">\r\n										<span class=\"fsize18 f-fM name\">独立域名专属网校</span>\r\n									</div>\r\n									<em class=\"up-sj\">\r\n										<img src=\"/template/templet1/images/up-sj.png\" class=\"dis\" width=\"100%\" height=\"100%\">\r\n									</em>\r\n								</section>\r\n							</li>\r\n							<li>\r\n								<section class=\"l-f-infor\">\r\n									<div class=\"l-f-in-pic\">\r\n										<img src=\"/template/templet1/images/us-fw-5.png\">\r\n									</div>\r\n									<div class=\"mt30 hLh30 txtOf tac name-tit\">\r\n										<span class=\"fsize18 f-fM name\">支持开源服务</span>\r\n									</div>\r\n									<em class=\"up-sj\">\r\n										<img src=\"/template/templet1/images/up-sj.png\" class=\"dis\" width=\"100%\" height=\"100%\">\r\n									</em>\r\n								</section>\r\n							</li>\r\n						</ul>\r\n					</div>\r\n					<div class=\"l-f-in-txt\">\r\n						<article class=\"l-f-in-t-box\">\r\n							<div class=\"txt-infor\">\r\n								<p class=\"fsize14 f-fM c-999\">1北京因酷时代科技有限公司是国内领先的开源在线教育基础服务提供商。我们是一个优秀的团队，成员全部都服务过业内互联网大公司，有着5-10年以上互联网经验。我们专注在线教育基础服务，开发出符合互联网发展潮流接地气儿的在线教育产品。我们免费，我们专心做在线教育开源产品。</p>\r\n							</div>\r\n						</article>\r\n						<article class=\"l-f-in-t-box undis\">\r\n							<div class=\"txt-infor\">\r\n								<p class=\"fsize14 f-fM c-999\">2北京因酷时代科技有限公司是国内领先的开源在线教育基础服务提供商。我们是一个优秀的团队，成员全部都服务过业内互联网大公司，有着5-10年以上互联网经验。我们专注在线教育基础服务，开发出符合互联网发展潮流接地气儿的在线教育产品。我们免费，我们专心做在线教育开源产品。</p>\r\n							</div>\r\n						</article>\r\n						<article class=\"l-f-in-t-box undis\">\r\n							<div class=\"txt-infor\">\r\n								<p class=\"fsize14 f-fM c-999\">3北京因酷时代科技有限公司是国内领先的开源在线教育基础服务提供商。我们是一个优秀的团队，成员全部都服务过业内互联网大公司，有着5-10年以上互联网经验。我们专注在线教育基础服务，开发出符合互联网发展潮流接地气儿的在线教育产品。我们免费，我们专心做在线教育开源产品。</p>\r\n							</div>\r\n						</article>\r\n						<article class=\"l-f-in-t-box undis\">\r\n							<div class=\"txt-infor\">\r\n								<p class=\"fsize14 f-fM c-999\">4北京因酷时代科技有限公司是国内领先的开源在线教育基础服务提供商。我们是一个优秀的团队，成员全部都服务过业内互联网大公司，有着5-10年以上互联网经验。我们专注在线教育基础服务，开发出符合互联网发展潮流接地气儿的在线教育产品。我们免费，我们专心做在线教育开源产品。</p>\r\n							</div>\r\n						</article>\r\n						<article class=\"l-f-in-t-box undis\">\r\n							<div class=\"txt-infor\">\r\n								<p class=\"fsize14 f-fM c-999\">5北京因酷时代科技有限公司是国内领先的开源在线教育基础服务提供商。我们是一个优秀的团队，成员全部都服务过业内互联网大公司，有着5-10年以上互联网经验。我们专注在线教育基础服务，开发出符合互联网发展潮流接地气儿的在线教育产品。我们免费，我们专心做在线教育开源产品。</p>\r\n							</div>\r\n						</article>\r\n					</div>\r\n				</section>\r\n			</div>\r\n		</div>\r\n	</section>\r\n</div>'),(9,'关于我们_找到我们.html','<div id=\"temseven\">\r\n    <section>\r\n        <div class=\"map-box\">\r\n            <div class=\"comm-title comm-title-3\">\r\n                <section class=\"container\">\r\n                    <header class=\"clearfix\">\r\n                        <h3 class=\"unFw tac hLh40\">\r\n                            <span class=\"disIb fsize30 f-fM c-333\">找到我们</span>\r\n                            <span class=\"disIb fsize30 f-fM c-master ml5 mr5\">/</span>\r\n                            <span class=\"disIb fsize14 f-fM c-999\">FIND US</span>\r\n                        </h3>\r\n                    </header>\r\n                </section>\r\n            </div>\r\n            <div class=\"us-main\">\r\n                <section class=\"container\">\r\n                    <div class=\"map-infor\">\r\n                        <article class=\"map-in\"></article>\r\n                    </div>\r\n                    <div class=\"find-box clearfix mt50\">\r\n                        <article class=\"f-b-in\">\r\n                            <div class=\"\">\r\n                                <header class=\"clearfix\">\r\n                                    <h3 class=\"unFw hLh40\">\r\n                                        <span class=\"disIb fsize24 f-fM c-333\">联系方式</span>\r\n                                        <span class=\"disIb fsize24 f-fM c-master ml5 mr5\">/</span>\r\n                                        <span class=\"disIb fsize14 f-fM c-999\">CONTACT US</span>\r\n                                    </h3>\r\n                                </header>\r\n                                <div class=\"talk-box talk-box-r\">\r\n                                    <h4 class=\"txtOf fsize18 hLh30 c-333\">北京因酷时代科技有限公司</h4>\r\n                                    <p class=\"txtOf fsize16 hLh30 c-666 mt15\">电话：400-006-5079</p>\r\n                                    <p class=\"txtOf fsize16 hLh30 c-666 mt10\">邮箱：index@index.com</p>\r\n                                    <p class=\"txtOf fsize16 hLh30 c-666 mt10\">地址：北京市海淀区清河路4号7号院</p>\r\n                                </div>\r\n                            </div>\r\n                        </article>\r\n                        <div class=\"clear\"></div>\r\n                    </div>\r\n                </section>\r\n            </div>\r\n        </div>\r\n    </section>\r\n</div>'),(10,'师资_学员心声.html','<div id=\"temFour\">\r\n    <section>\r\n        <div class=\"b-fa\">\r\n            <section class=\"container\">\r\n                <div class=\"comm-title pb10\">\r\n                    <header class=\"clearfix pr\">\r\n                        <h3 class=\"unFw hLh40 clearfix\">\r\n                            <span class=\"disIb fsize24 f-fM c-333\">学员心声</span>\r\n                            <span class=\"disIb fsize24 f-fM c-master ml5 mr5\">/</span>\r\n                            <span class=\"disIb fsize12 f-fM c-999\">STUDENTS VOICE</span>\r\n                        </h3>\r\n                    </header>\r\n                </div>\r\n            </section>\r\n            <div class=\"pb50 all-main s-i-box-big\">\r\n                <section class=\"container\">\r\n                    <div class=\"i-slide s-i-slide\">\r\n                        <section>\r\n                            <!-- 如果需要导航按钮 -->\r\n                            <a class=\"arrow-left s-arrow\" href=\"#\"></a>\r\n                            <a class=\"arrow-right s-arrow\" href=\"#\"></a>\r\n                            <!-- 图片位置 -->\r\n                            <div class=\"swiper-container\">\r\n                                <div class=\"swiper-wrapper\">\r\n                                    <div class=\"swiper-slide\">\r\n                                        <div class=\"student-vice\">\r\n                                            <section class=\"st-v-in\">\r\n                                                <div class=\"st-title\">\r\n                                                    <img xsrc=\"/template/templet1//template/templet1/images/pic/t-pic-1.jpg\" src=\"/template/templet1/images/avatar-boy.gif\" alt=\"\">\r\n                                                    <p class=\"hLh30 fsize16 c-333 tac txtOf\">某某某</p>\r\n                                                </div>\r\n                                                <em class=\"s-yh yh-ico\">\r\n                                                    <img src=\"/template/templet1/images/yh-s.png\">\r\n                                                </em>\r\n                                                <em class=\"x-yh yh-ico\">\r\n                                                    <img src=\"/template/templet1/images/yh-x.png\">\r\n                                                </em>\r\n                                                <p class=\"nr\">\r\n                                                    SEO由英文Search Engine Optimization缩写而来， 中文意译为“搜索引擎优化”。SEO是指从自然搜索结果获得网站流量的技术和过程，是在了解搜索引擎自然排名机制的基础上， 对网站进行内部及外部的调整优化， 改进网站在搜索引擎中的关键词自然排名， 获得更多流量， 从而达成网站销售及品牌建设的目标及用途。\r\n                                                </p>\r\n                                            </section>\r\n                                        </div>\r\n                                    </div>\r\n                                </div>\r\n                            </div>\r\n                            <!--  如果需要分页器 -->\r\n                            <div class=\"pagination\"></div>\r\n                            <!-- /index slide -->\r\n                        </section>\r\n                    </div>\r\n                </section>\r\n            </div>\r\n        </div>\r\n    </section>\r\n</div>'),(11,'师资_广告.html','<div id=\"temTwo\">\r\n    <section>\r\n        <section class=\"of\">\r\n            <div class=\"banner-box-all\">\r\n                <div class=\"teach-banner\">\r\n                    <img src=\"/template/templet1/images/teach-bg.jpg\">\r\n                </div>\r\n            </div>\r\n        </section>\r\n        <div class=\"o-s-txtbox b-fa\">\r\n            <article class=\"container\">\r\n                <div class=\"teach-top-list\">\r\n                    <ul class=\"clearfix\">\r\n                        <li>\r\n                            <div class=\"tea-op-pic\">\r\n                                <img src=\"/template/templet1/images/tea-l-1-xz.png\">\r\n                            </div>\r\n                            <p class=\"tea-op-txt tac fsize24 c-333 f-fH mt30 hLh30\">\r\n                                师资雄厚\r\n                            </p>\r\n                        </li>\r\n                        <li>\r\n                            <div class=\"tea-op-pic\">\r\n                                <img src=\"/template/templet1/images/tea-l-2-xz.png\">\r\n                            </div>\r\n                            <p class=\"tea-op-txt tac fsize24 c-333 f-fH mt30 hLh30\">\r\n                                技术精湛\r\n                            </p>\r\n                        </li>\r\n                        <li>\r\n                            <div class=\"tea-op-pic\">\r\n                                <img src=\"/template/templet1/images/tea-l-3-xz.png\">\r\n                            </div>\r\n                            <p class=\"tea-op-txt tac fsize24 c-333 f-fH mt30 hLh30\">\r\n                                理念超前\r\n                            </p>\r\n                        </li>\r\n                        <li>\r\n                            <div class=\"tea-op-pic\">\r\n                                <img src=\"/template/templet1/images/tea-l-4-xz.png\">\r\n                            </div>\r\n                            <p class=\"tea-op-txt tac fsize24 c-333 f-fH mt30 hLh30\">\r\n                                专业解惑\r\n                            </p>\r\n                        </li>\r\n                    </ul>\r\n                </div>\r\n            </article>\r\n        </div>\r\n    </section>\r\n</div>'),(12,'师资_讲师团队.html','<#if (teacherTeam??)>\r\n<div id=\"temThree\">\r\n    <section>\r\n        <div>\r\n            <section class=\"container\">\r\n                <div class=\"comm-title pb10\">\r\n                    <header class=\"clearfix pr\">\r\n                        <h3 class=\"unFw hLh40 clearfix\">\r\n                            <span class=\"disIb fsize24 f-fM c-333\">讲师团队</span>\r\n                            <span class=\"disIb fsize24 f-fM c-master ml5 mr5\">/</span>\r\n                            <span class=\"disIb fsize12 f-fM c-999\">TEACHER TEAM</span>\r\n                            <span class=\"fr more-2\">\r\n												<a class=\"more c-666 f-fM disFw\" title=\"更多\" href=\"${webUrl}/front/teacherlist\">MORE&nbsp;&gt;</a>\r\n											</span>\r\n                        </h3>\r\n                    </header>\r\n                </div>\r\n            </section>\r\n            <div class=\"o-s-coures-list\">\r\n                <section class=\"container\">\r\n                    <div class=\"i-teach-box\">\r\n                        <ul class=\"clearfix\">\r\n                            <#list teacherTeam as teacherTeam>\r\n                                <li>\r\n                                    <section class=\"i-teach-wrap\">\r\n                                        <div class=\"i-teach-pic\">\r\n                                            <a title=\"${teacherTeam.name}\" href=\"${webUrl}/front/teacher/${teacherTeam.id}\">\r\n                                                <img xsrc=\"${webUrl}/${teacherTeam.picPath}\" src=\"${webUrl}/${teacherTeam.picPath}\" alt=\"${teacherTeam.name}\">\r\n                                            </a>\r\n                                        </div>\r\n                                        <div class=\"mt10 hLh30 txtOf tac\">\r\n                                            <a class=\"fsize18 c-666\" title=\"${teacherTeam.name}\" href=\"${webUrl}/front/teacher/${teacherTeam.id}\">${teacherTeam.name}</a>\r\n                                        </div>\r\n                                        <div class=\"hLh30 txtOf tac\">\r\n                                            <span class=\"fsize14 c-999\">${teacherTeam.education}</span>\r\n                                        </div>\r\n                                        <div class=\"mt15 i-q-txt\">\r\n                                            <p class=\"c-999 f-fA\">${teacherTeam.career}</p>\r\n                                        </div>\r\n                                    </section>\r\n                                </li>\r\n                            </#list>\r\n                        </ul>\r\n                    </div>\r\n                </section>\r\n            </div>\r\n        </div>\r\n    </section>\r\n</div>\r\n</#if>'),(13,'课程_广告图.html','<div id=\"temTwo\">\r\n	<section>\r\n		<section class=\"of\">\r\n			<div class=\"banner-box-all\">\r\n				<div class=\"online-banner\">\r\n					<img src=\"/template/templet1/images/coures-bg.jpg\">\r\n				</div>\r\n			</div>\r\n		</section>\r\n		<div class=\"o-s-txtbox b-fa\">\r\n			<article class=\"container\">\r\n				<div class=\"teach-top-list\">\r\n					<ul class=\"clearfix\">\r\n						<li>\r\n							<div class=\"tea-op-pic\">\r\n								<img src=\"/template/templet1/images/on-l-1-xz.png\">\r\n							</div>\r\n							<p class=\"tea-op-txt tac fsize24 c-333 f-fH mt30 hLh30\">\r\n								资源丰富\r\n							</p>\r\n						</li>\r\n						<li>\r\n							<div class=\"tea-op-pic\">\r\n								<img src=\"/template/templet1/images/on-l-2-xz.png\">\r\n							</div>\r\n							<p class=\"tea-op-txt tac fsize24 c-333 f-fH mt30 hLh30\">\r\n								轻松易懂\r\n							</p>\r\n						</li>\r\n						<li>\r\n							<div class=\"tea-op-pic\">\r\n								<img src=\"/template/templet1/images/on-l-3-xz.png\">\r\n							</div>\r\n							<p class=\"tea-op-txt tac fsize24 c-333 f-fH mt30 hLh30\">\r\n								优质实用\r\n							</p>\r\n						</li>\r\n						<li>\r\n							<div class=\"tea-op-pic\">\r\n								<img src=\"/template/templet1/images/on-l-4-xz.png\">\r\n							</div>\r\n							<p class=\"tea-op-txt tac fsize24 c-333 f-fH mt30 hLh30\">\r\n								突破局限\r\n							</p>\r\n						</li>\r\n					</ul>\r\n				</div>\r\n			</article>\r\n		</div>\r\n	</section>\r\n</div>'),(14,'课程_精品课程.html','<#if (course??)>\r\n<div id=\"temThree\">\r\n	<section>\r\n		<div>\r\n			<section class=\"container\">\r\n				<div class=\"comm-title pb10\">\r\n					<header class=\"clearfix pr\">\r\n						<h3 class=\"unFw hLh40 clearfix\">\r\n							<span class=\"disIb fsize24 f-fM c-333\">精品课程</span>\r\n							<span class=\"disIb fsize24 f-fM c-master ml5 mr5\">/</span>\r\n							<span class=\"disIb fsize12 f-fM c-999\">EXCELLENT CJRRICULUM</span>\r\n							<span class=\"fr more-2\">\r\n											<a class=\"more c-666 f-fM disFw\" title=\"更多\" href=\"${webUrl}/front/showcoulist\">MORE&nbsp;&gt;</a>\r\n										</span>\r\n						</h3>\r\n					</header>\r\n				</div>\r\n			</section>\r\n			<div class=\"o-s-coures-list\">\r\n				<section class=\"container\">\r\n					<ul class=\"coures-list clearfix\">\r\n						<#list course as course>\r\n						<li>\r\n							<div class=\"coures-li-warp\">\r\n								<a href=\"${webUrl}/front/couinfo/${course.courseId}\" class=\"c-l-w-pic\">\r\n									<img xSrc=\"${webUrl}/${course.logo}\" src=\"${webUrl}/${course.logo}\">\r\n								</a>\r\n								<h4 class=\"hLh30 mt10 txtOf unFw\">\r\n									<a href=\"${webUrl}/front/couinfo/${course.courseId}\" class=\"fsize18 c-333 f-fM\">\r\n										${course.courseName}\r\n									</a>\r\n								</h4>\r\n								<section class=\"mt10 hLh30 of fl-txt\">\r\n												<span class=\"fl c-master fsize24\">\r\n													￥${course.currentPrice}\r\n												</span>\r\n									<span class=\"fr c-999\">\r\n													<tt class=\"c-999 f-fA fsize14\">${course.pageBuycount}人购买</tt>\r\n													<tt class=\"lls c-999 f-fA\">|</tt>\r\n													<tt class=\"c-999 f-fA fsize14 lls\">${course.pageViewcount}浏览</tt>\r\n												</span>\r\n								</section>\r\n							</div>\r\n						</li>\r\n						</#list>\r\n					</ul>\r\n				</section>\r\n			</div>\r\n		</div>\r\n	</section>\r\n</div>\r\n</#if>'),(15,'资讯_资讯列表.html','<#if (articleList??)>\r\n<div id=\"temTwo\">\r\n	<section class=\"all-main\">\r\n		<div class=\"new-list-warp\">\r\n			<section class=\"container\">\r\n				<div class=\"comm-title\">\r\n					<header class=\"clearfix\">\r\n						<h3 class=\"unFw hLh30 pb10\">\r\n							<span class=\"disIb fsize24 f-fH c-333\">资讯列表</span>\r\n							<span class=\"disIb fsize24 f-fM c-master ml5 mr5\">/</span>\r\n							<span class=\"disIb fsize12 f-fM c-999\">INFORMATION LIST</span>\r\n						</h3>\r\n					</header>\r\n				</div>\r\n			</section>	\r\n			<div>\r\n				<article class=\"container\">\r\n					<ul class=\"n-l-box mt40\">\r\n						<#list articleList as articleList>\r\n						<li>\r\n							<aside class=\"n-l-pic\">\r\n								<a href=\"\">\r\n									<img xSrc=\"${webUrl}/${articleList.imageUrl}\" src=\"${webUrl}/${articleList.imageUrl}\">\r\n								</a>\r\n							</aside>\r\n							<h3 class=\"hLh30 txtOf unFw\">\r\n								<a href=\"\" class=\"n-l-tit fsize18 c-333 f-fM\" title=\"${articleList.title}\">\r\n									${articleList.title}\r\n								</a>\r\n							</h3>\r\n							<section class=\"txt-nr mt10\">\r\n								<p class=\"c-999 f-fM\">${articleList.summary}</p>\r\n							</section>\r\n							<section class=\"hLh30 clearfix\">\r\n								<div class=\"fl\">\r\n									<em class=\"icon16 ico\">\r\n										<img src=\"/template/templet1/images/liul.png\">\r\n									</em>\r\n									<tt class=\"fsize12 c-666 f-fM vam\">${articleList.clickNum}次</tt>\r\n								</div>\r\n								<div class=\"fl ml30\">\r\n									<em class=\"icon16 ico\">\r\n										<img src=\"/template/templet1/images/time.png\">\r\n									</em>\r\n									<tt class=\"fsize12 c-666 f-fM vam\">${articleList.publishTime}</tt>\r\n								</div>\r\n							</section>\r\n						</li>\r\n						</#list>\r\n					</ul>\r\n				</article>\r\n				<article class=\"container\">\r\n					<div>\r\n						<div class=\"paging\">\r\n							<a title=\"\" href=\"javascript:goPage(1);\">首</a>\r\n							<a id=\"backpage\" class=\"undisable\" title=\"\" href=\"javascript:void(0)\"><</a>\r\n							<a class=\"current undisable\" title=\"\" href=\"javascript:void(0)\">1</a>\r\n							<a title=\"\" href=\"javascript:goPage(2)\">2</a>\r\n							<a id=\"nextpage\" title=\"\" href=\"javascript:goPage(2);\">></a>\r\n							<a title=\"\" href=\"javascript:goPage(2);\">末</a>\r\n							<div class=\"clear\"></div>\r\n						</div>\r\n						<div class=\"clear\"></div>\r\n					</div>\r\n				</article>\r\n			</div>\r\n		</div>\r\n	</section>\r\n</div>\r\n</#if>'),(16,'资讯_资讯详情.html','<div id=\"temTwo\">\r\n	<section class=\"all-main\">\r\n		<div class=\"new-list-warp\">\r\n			<section class=\"container\">\r\n				<div class=\"comm-title\">\r\n					<header class=\"clearfix\">\r\n						<h3 class=\"unFw hLh30 pb10 fl\">\r\n							<span class=\"disIb fsize24 f-fH c-333\">资讯详情</span>\r\n							<span class=\"disIb fsize24 f-fM c-master ml5 mr5\">/</span>\r\n							<span class=\"disIb fsize12 f-fM c-999\">DETAILS</span>\r\n						</h3>\r\n						<span class=\"fr hLh20 mt10\">\r\n							<a class=\"go-back disFw\" href=\"javascript:void(0)\" title=\"返回\">\r\n								<em class=\"icon20 ico\">\r\n									<img src=\"${webUrl}/images/go-back.png\">\r\n								</em>\r\n								<tt class=\"fsize14 c-999 f-fM\">返回</tt>\r\n							</a>\r\n						</span>\r\n					</header>\r\n				</div>\r\n			</section>	\r\n			<div>\r\n				<#list getArticle as getArticle>\r\n				<section class=\"container\">\r\n					<article class=\"mt50 pb20 n-a-tit\">\r\n						<h2 class=\"tac unFw\">\r\n							<font class=\"fsize24 c-333 f-fH\">${getArticle.title}</font>\r\n						</h2>\r\n						<div class=\"hLh30 tac mt10 of fenl\">\r\n							<span class=\"disIb\">\r\n								<em class=\"icon16 ico\">\r\n									<img src=\"${webUrl}//template/templet1/images/liul.png\">\r\n								</em>\r\n								<tt class=\"fsize12 c-999 f-fM vam\">${getArticle.clickNum}次</tt>\r\n							</span>\r\n							<span class=\"disIb mr30 ml30\">\r\n								<em class=\"icon16 ico\">\r\n									<img src=\"${webUrl}//template/templet1/images/time.png\">\r\n								</em>\r\n								<tt class=\"fsize12 c-999 f-fM vam\">${getArticle.publishTime}</tt>\r\n							</span>\r\n							<span class=\"disIb\">\r\n								<em class=\"icon16 ico\">\r\n									<img src=\"${webUrl}/images/laiy.png\">\r\n								</em>\r\n								<tt class=\"fsize12 c-999 f-fM vam\">因酷时代</tt>\r\n							</span>\r\n						</div>\r\n					</article>\r\n					<article class=\"n-a-warp mt20\">\r\n						<p> 中新网北京4月24日电 “在线教师1小时挣万元，收入超网红”，近日，这则新闻引发公众关注。在线教育现状究竟如何？连日来，记者采访了多位业内人士。在他们看来，在线教育目前 正在兴起。而对于在线教师的收入问题，业内人称，对于有能力的老师来说，时薪上万“完全有可能”，但相应的，有的老师会上课到凌晨1点多。 </p>\r\n						<p>\r\n							<strong>在线教育现状</strong>\r\n						</p>\r\n						<img src=\"${webUrl}/images/pic/zx-pic-1.jpg\">\r\n						<p>\r\n							<strong>正在兴起，尚未定型</strong>\r\n						</p>\r\n						<p> 作为国内在线教育平台“跟谁学”联合创始人之一，在张怀亭的记忆中，在线教育变得“热起来”也就只有一年时间。 </p>\r\n						<p> “去年3、4月开始，我们发现在线学习的势头起来了。在线学习学生数量的月度复合增长率达到53%。在我们平台上，越来越多的老师开始在线做课件，直播、录播课程，在线问答。” </p>\r\n						<p> 时至今日，他颇为自豪地告诉记者，他们的在线教育平台已经取得了不错的成绩。“我们平台开千人以上的直播课已经达到了一千多次，在线学习的人次超过一千万，而这些课程的总收入是过亿元的。平台单节课最高报名人数超过一万一千多人，同时在线峰值超过8000人。” </p>\r\n						<p> 中 国教育科学研究院研究员储朝晖同样认为在线教育正在快速发展。不过他更愿意用“正在兴起”来形容中国在线教育的现状。同时，他也认为，目前中国的在线教育 还“尚未定型”。“现在国内大量的在线教育还是跟随着应试。其实还有很多其他的方面，比如成人教育、老年教育等等。”储朝晖觉得，在线教育的“路子”还应 该走得更宽一些。 </p>\r\n					</article>\r\n				</section>\r\n				</#list>\r\n			</div>\r\n		</div>\r\n	</section>\r\n</div>'),(17,'首页_banner模板1.html','<#if (bannerImgs??)>\r\n<div id=\"temTwo\">\r\n    <section>\r\n        <div class=\"i-slide\">\r\n            <section>\r\n                <!-- 如果需要导航按钮 -->\r\n                <a class=\"arrow-left s-arrow\" href=\"#\"></a>\r\n                <a class=\"arrow-right s-arrow\" href=\"#\"></a>\r\n                <!-- 图片位置 -->\r\n                <div class=\"swiper-container\">\r\n                    <div class=\"swiper-wrapper\">\r\n                        <#list bannerImgs as bannerImgs>\r\n                            <div class=\"swiper-slide\">\r\n                                <a href=\"${ctx}${bannerImgs.linkAddress}\">\r\n                                    <img src=\"${bannerImgs.imagesUrl}\" class=\"imgload\">\r\n                                </a>\r\n                            </div>\r\n                        </#list>\r\n                    </div>\r\n                </div>\r\n                <!--  如果需要分页器 -->\r\n                <div class=\"pagination\"></div>\r\n                <!-- /index slide -->\r\n            </section>\r\n        </div>\r\n    </section>\r\n</div>\r\n</#if>'),(18,'首页_banner模板2.html','<#if (bannerImgs??)>\r\n<div id=\"temTwo\">\r\n    <section>\r\n        <div class=\"i-slide demo2-slide\">\r\n            <section>\r\n                <!-- 如果需要导航按钮 -->\r\n                <a class=\"arrow-left s-arrow\" href=\"#\"></a>\r\n                <a class=\"arrow-right s-arrow\" href=\"#\"></a>\r\n                <!-- 图片位置 -->\r\n                <div class=\"swiper-container\">\r\n                    <div class=\"swiper-wrapper\">\r\n                        <#list bannerImgs as bannerImgs>\r\n                        <div class=\"swiper-slide\">\r\n                            <a href=\"${bannerImgs.linkAddress}\">\r\n                                <img src=\"${bannerImgs.imagesUrl}\" class=\"imgload\">\r\n                            </a>\r\n                        </div>\r\n                        </#list>\r\n                    </div>\r\n                </div>\r\n                <!--  如果需要分页器 -->\r\n                <div class=\"pagination\"></div>\r\n                <!-- /index slide -->\r\n            </section>\r\n            <#if (articleList10??)>\r\n            <div class=\"in-2-top-n-list clearfix\">\r\n                <div class=\"in-2-n-box fr\">\r\n\r\n                    <article class=\"zx-box\">\r\n                        <h2 class=\"hLh30 c-fff fsize24 f-fM unFw title\">\r\n                            资讯\r\n                        </h2>\r\n                        <div>\r\n                            <ul class=\"zx-l-warp mt20\">\r\n                                <#list articleList10 as articleList10>\r\n                                <#if (articleList10_index<3)>\r\n                                <li>\r\n                                    <div class=\"nr hLh30 txtOf\">\r\n                                        <tt class=\"number b-master c-fff\"><font class=\"f-fM fsize12 c-fff\">${articleList10_index+1}</font></tt>\r\n                                        <a href=\"\" class=\"fsize14 c-fff f-fM\">${articleList10.title}</a>\r\n                                    </div>\r\n                                </li>\r\n                                </#if>\r\n                                <#if (articleList10_index>=3)>\r\n                                <li>\r\n                                    <div class=\"nr hLh30 txtOf\">\r\n                                        <tt class=\"number b-9b c-fff\"><font class=\"f-fM fsize12 c-fff\">${articleList10_index+1}</font></tt>\r\n                                        <a href=\"\" class=\"fsize14 c-fff f-fM\">${articleList10.title}</a>\r\n                                    </div>\r\n                                </li>\r\n                                </#if>\r\n                                </#list>\r\n                            </ul>\r\n                        </div>\r\n                        <div class=\"more-btn tac mt30\">\r\n                            <a href=\"${ctx}/webpage/article_list.html\" class=\"solid-btn c-fff f-fM\">\r\n                                查看更多\r\n                            </a>\r\n                        </div>\r\n                    </article>\r\n                </div>\r\n            </div>\r\n        </div>\r\n</#if>\r\n        <div class=\"demo-m-news-wrap\">\r\n            <#if (articleList10??)>\r\n            <span class=\"nnIcon c-fff\">资讯</span>\r\n            <ul class=\"newsNotice\">\r\n                <#list articleList10 as articleList10>\r\n                    <#if (articleList10_index<3)>\r\n                <li>\r\n                    <a href=\"\">${articleList10.title}${articleList10_index+1}</a>\r\n                </li>\r\n                    </#if>\r\n                </#list>\r\n            </ul>\r\n            </#if>\r\n        </div>\r\n    </section>\r\n</div>\r\n</#if>'),(19,'首页_banner模板3.html','<#if (bannerImgs??)>\r\n<div id=\"temTwo\">\r\n    <section>\r\n        <div class=\"i-slide demo2-slide\">\r\n            <section>\r\n                <#if (bannerImgs??)>\r\n                <!-- 如果需要导航按钮 -->\r\n                <a class=\"arrow-left s-arrow\" href=\"#\"></a>\r\n                <a class=\"arrow-right s-arrow\" href=\"#\"></a>\r\n                <!-- 图片位置 -->\r\n                <div class=\"swiper-container\">\r\n                    <div class=\"swiper-wrapper\">\r\n                        <#list bannerImgs as bannerImgs>\r\n                            <div class=\"swiper-slide\">\r\n                                <a href=\"${bannerImgs.linkAddress}\">\r\n                                    <img src=\"${bannerImgs.imagesUrl}\" class=\"imgload\">\r\n                                </a>\r\n                            </div>\r\n                        </#list>\r\n                    </div>\r\n                </div>\r\n\r\n                <!--  如果需要分页器 -->\r\n                <div class=\"pagination\"></div>\r\n                <!-- /index slide -->\r\n                </#if>\r\n            </section>\r\n            <div class=\"in-2-top-n-list clearfix\">\r\n                <#if (articleList10??)>\r\n                <div class=\"in-2-n-box fl in-3-n-box\">\r\n                    <article class=\"zx-box\">\r\n                        <h2 class=\"hLh30 c-333 fsize18 f-fM title clearfix\">\r\n                            资讯\r\n                            <a href=\"${ctx}/webpage/article_list.html\" class=\"c-master f-fM fsize12 fr\">\r\n                                更多&gt;&gt;\r\n                            </a>\r\n                        </h2>\r\n                        <div>\r\n                            <ul class=\"zx-l-warp mt20\">\r\n                                <#list articleList10 as articleList10>\r\n                                    <#if (articleList10_index<3)>\r\n                                    <li>\r\n                                        <div class=\"nr hLh30 txtOf c-666\">\r\n                                            <tt class=\"number b-master c-fff\"><font class=\"f-fM fsize12 c-fff\">${articleList10_index+1}</font></tt>\r\n                                            <a href=\"\" class=\"fsize14 c-666 f-fM\">${articleList10.title}</a>\r\n                                        </div>\r\n                                    </li>\r\n                                    </#if>\r\n                                    <#if (articleList10_index>=3)>\r\n                                        <li>\r\n                                            <div class=\"nr hLh30 txtOf c-666\">\r\n                                                <tt class=\"number b-9b c-fff\"><font class=\"f-fM fsize12 c-fff\">${articleList10_index+1}</font></tt>\r\n                                                <a href=\"\" class=\"fsize14 c-666 f-fM\">${articleList10.title}</a>\r\n                                            </div>\r\n                                        </li>\r\n                                    </#if>\r\n                                </#list>\r\n                            </ul>\r\n                        </div>\r\n                    </article>\r\n                </div>\r\n                </#if>\r\n            </div>\r\n\r\n        </div>\r\n        <div class=\"demo-m-news-wrap\">\r\n            <#if (articleList10??)>\r\n            <span class=\"nnIcon c-fff\">资讯</span>\r\n            <ul class=\"newsNotice\">\r\n                <#list articleList10 as articleList10>\r\n                    <#if (articleList10_index<3)>\r\n                    <li>\r\n                        <a href=\"\">${articleList10.title}${articleList10_index+1}</a>\r\n                    </li>\r\n                    </#if>\r\n                </#list>\r\n            </ul>\r\n            </#if>\r\n        </div>\r\n    </section>\r\n</div>\r\n</#if>'),(20,'首页_banner模板4.html','<#if (bannerImgs??)>\r\n<div id=\"temTwo\">\r\n    <section>\r\n        <div class=\"i-slide demo4-slide\">\r\n            <section>\r\n                <!-- 图片位置 -->\r\n                <div class=\"swiper-container\">\r\n                    <div class=\"swiper-wrapper\">\r\n                        <#list bannerImgs as bannerImgs>\r\n                        <div class=\"swiper-slide swiper-slide-big\">\r\n                            <a href=\"${ctx}${bannerImgs.linkAddress}\">\r\n                                <img src=\"${bannerImgs.imagesUrl}\" class=\"imgload\">\r\n                            </a>\r\n                        </div>\r\n                        </#list>\r\n                    </div>\r\n                </div>\r\n            </section>\r\n        </div>\r\n    </section>\r\n</div>\r\n</#if>'),(21,'首页_关于我们.html','<div id=\"temThree\">\r\n    <section>\r\n        <div>\r\n            <div class=\"comm-title\">\r\n                <section class=\"container\">\r\n                    <header class=\"clearfix\">\r\n									<span class=\"fr\">\r\n										<a class=\"more c-666 f-fM disFw\" title=\"更多\" href=\"${ctx}/webpage/about_us.html\">MORE&nbsp;&gt;</a>\r\n									</span>\r\n                        <h2 class=\"fl tac current\">\r\n                            <span class=\"c-master\">关于我们</span>\r\n                        </h2>\r\n                    </header>\r\n                </section>\r\n            </div>\r\n            <div class=\"us-main b-fa\">\r\n                <section class=\"container\">\r\n                    <div class=\"us-m-box\">\r\n                        <article class=\"us-m-txt\">\r\n                            <em class=\"s-yh yh-ico\">\r\n                                <img src=\"/template/templet1/images/yh-s.png\">\r\n                            </em>\r\n                            <em class=\"x-yh yh-ico\">\r\n                                <img src=\"/template/templet1/images/yh-x.png\">\r\n                            </em>\r\n                            <p class=\"c-333 f-fM fsize16\">我们怀揣梦想，愿与大家携手，“以开源节流”为宗旨，服务与更多的中小型教育机构和个人，力争借助高速增长的国内互联网在线教育，开拓出领先的在线教育方式，为国内在线教育转型升级创新的过程出自己一份应有的贡献，推动国内在线教育的向上发展。</p>\r\n                        </article>\r\n                        <article class=\"us-m-pic\">\r\n                            <ul class=\"clearfix\">\r\n                                <li>\r\n                                    <a href=\"\" class=\"pic-box\">\r\n                                        <img xSrc=\"/template/templet1/images/pic/zx-pic-2.jpg\" src=\"/template/templet1/images/default-img.gif\">\r\n                                        <div class=\"u-m-p-name\">\r\n                                            <section class=\"box-in\">\r\n                                                <h5 class=\"fsize18 c-fff f-fM hLh30 txtOf\">企业文化</h5>\r\n                                                <div class=\"u-m-n-txt\">\r\n                                                    我们怀揣梦想，愿与大家携手，“以开源节流”为宗旨，服务与更多的中小型教育机构和个人，力争借助高速增长的国内互联网在线教育，开拓出领先的在线教育方式，为国内在线教育转型升级创新的过程出自己一份应有的贡献，推动国内在线教育的向上发展。\r\n                                                </div>\r\n                                            </section>\r\n                                        </div>\r\n                                    </a>\r\n                                </li>\r\n                                <li>\r\n                                    <a href=\"\" class=\"pic-box\">\r\n                                        <img xSrc=\"/template/templet1/images/pic/zx-pic-2.jpg\" src=\"/template/templet1/images/default-img.gif\">\r\n                                        <div class=\"u-m-p-name\">\r\n                                            <section class=\"box-in\">\r\n                                                <h5 class=\"fsize18 c-fff f-fM hLh30 txtOf\">企业精神</h5>\r\n                                                <div class=\"u-m-n-txt\">\r\n                                                    我们怀揣梦想，愿与大家携手，“以开源节流”为宗旨，服务与更多的中小型教育机构和个人，力争借助高速增长的国内互联网在线教育，开拓出领先的在线教育方式，为国内在线教育转型升级创新的过程出自己一份应有的贡献，推动国内在线教育的向上发展。\r\n                                                </div>\r\n                                            </section>\r\n                                        </div>\r\n                                    </a>\r\n                                </li>\r\n                                <li>\r\n                                    <a href=\"\" class=\"pic-box\">\r\n                                        <img xSrc=\"/template/templet1/images/pic/zx-pic-2.jpg\" src=\"/template/templet1/images/default-img.gif\">\r\n                                        <div class=\"u-m-p-name\">\r\n                                            <section class=\"box-in\">\r\n                                                <h5 class=\"fsize18 c-fff f-fM hLh30 txtOf\">我的发展</h5>\r\n                                                <div class=\"u-m-n-txt\">\r\n                                                    我们怀揣梦想，愿与大家携手，“以开源节流”为宗旨，服务与更多的中小型教育机构和个人，力争借助高速增长的国内互联网在线教育，开拓出领先的在线教育方式，为国内在线教育转型升级创新的过程出自己一份应有的贡献，推动国内在线教育的向上发展。\r\n                                                </div>\r\n                                            </section>\r\n                                        </div>\r\n                                    </a>\r\n                                </li>\r\n                                <li>\r\n                                    <a href=\"\" class=\"pic-box\">\r\n                                        <img xSrc=\"/template/templet1/images/pic/zx-pic-2.jpg\" src=\"/template/templet1/images/default-img.gif\">\r\n                                        <div class=\"u-m-p-name\">\r\n                                            <section class=\"box-in\">\r\n                                                <h5 class=\"fsize18 c-fff f-fM hLh30 txtOf\">我们的目标</h5>\r\n                                                <div class=\"u-m-n-txt\">\r\n                                                    我们怀揣梦想，愿与大家携手，“以开源节流”为宗旨，服务与更多的中小型教育机构和个人，力争借助高速增长的国内互联网在线教育，开拓出领先的在线教育方式，为国内在线教育转型升级创新的过程出自己一份应有的贡献，推动国内在线教育的向上发展。\r\n                                                </div>\r\n                                            </section>\r\n                                        </div>\r\n                                    </a>\r\n                                </li>\r\n                            </ul>\r\n                        </article>\r\n                    </div>\r\n                </section>\r\n            </div>\r\n        </div>\r\n    </section>\r\n</div>'),(22,'首页_在线学习模板2.html','<div id=\"temFour\">\r\n    <section>\r\n        <div class=\"demo-zx-box\">\r\n            <div class=\"comm-title no-top-tit comm-title-3\">\r\n                <section class=\"container\">\r\n                    <header class=\"clearfix\">\r\n                        <h2 class=\"unFw hLh40 pb10 tac on-title-ie7\">\r\n                            <span class=\"disIb fsize30 f-fM c-fff\">在线学习</span>\r\n                            <span class=\"disIb fsize30 f-fM c-master ml5 mr5\">/</span>\r\n                            <span class=\"disIb fsize14 f-fM c-fff\">ONLINE LEARNING</span>\r\n                        </h2>\r\n                    </header>\r\n                </section>\r\n            </div>\r\n            <div class=\"us-main us-main-ie7\">\r\n                <section class=\"container\">\r\n                    <div class=\"on-lear-warp\">\r\n                        <article class=\"clearfix\">\r\n                            <div class=\"w50pre fl\">\r\n                                <div class=\"mr20 o-l-w-box clearfix\">\r\n                                    <div class=\"o-l-b-pic fl\">\r\n                                        <img src=\"/template/templet1/images/d2-zx-1.png\">\r\n                                    </div>\r\n                                    <article class=\"o-l-b-txt\">\r\n                                        <h5 class=\"hLh30 fsize16 c-fff f-fM txtOf\">视频流畅点播课程</h5>\r\n                                        <p class=\"txt-in\">提供专业的学习体验，绝不仅是视频浏览，还包含课程大纲、自动上次播放、收藏、评论打分等功能……</p>\r\n                                    </article>\r\n                                </div>\r\n                            </div>\r\n                            <div class=\"w50pre fl\">\r\n                                <div class=\"ml20 o-l-w-box clearfix\">\r\n                                    <div class=\"o-l-b-pic fl\">\r\n                                        <img src=\"/template/templet1/images/d2-zx-2.png\">\r\n                                    </div>\r\n                                    <article class=\"o-l-b-txt\">\r\n                                        <h5 class=\"hLh30 fsize16 c-fff f-fM txtOf\">在线互动视频直播课程</h5>\r\n                                        <p class=\"txt-in\">第一时间，精彩在线直播公共互动学习，实时互动网络课堂支持直播路径发布式接入……</p>\r\n                                    </article>\r\n                                </div>\r\n                            </div>\r\n                            <div class=\"w50pre fl\">\r\n                                <div class=\"mr20 o-l-w-box clearfix\">\r\n                                    <div class=\"o-l-b-pic fl\">\r\n                                        <img src=\"/template/templet1/images/d2-zx-3.png\">\r\n                                    </div>\r\n                                    <article class=\"o-l-b-txt\">\r\n                                        <h5 class=\"hLh30 fsize16 c-fff f-fM txtOf\">丰富的学习套餐课程</h5>\r\n                                        <p class=\"txt-in\">成套的、系列化的课程套餐，为你查缺补漏、系统学习提供帮助提高学习效率。套餐种类比较多……</p>\r\n                                    </article>\r\n                                </div>\r\n                            </div>\r\n                            <div class=\"w50pre fl\">\r\n                                <div class=\"ml20 o-l-w-box clearfix\">\r\n                                    <div class=\"o-l-b-pic fl\">\r\n                                        <img src=\"/template/templet1/images/d2-zx-4.png\">\r\n                                    </div>\r\n                                    <article class=\"o-l-b-txt\">\r\n                                        <h5 class=\"hLh30 fsize16 c-fff f-fM txtOf\">互动式在线问答平台</h5>\r\n                                        <p class=\"txt-in\">在线问答，顶级专业名师，答疑解惑。这也是一个互动知识分享平台。根据自身需求提出问题……</p>\r\n                                    </article>\r\n                                </div>\r\n                            </div>\r\n                            <div class=\"w50pre fl\">\r\n                                <div class=\"mr20 o-l-w-box clearfix\">\r\n                                    <div class=\"o-l-b-pic fl\">\r\n                                        <img src=\"/template/templet1/images/d2-zx-5.png\">\r\n                                    </div>\r\n                                    <article class=\"o-l-b-txt\">\r\n                                        <h5 class=\"hLh30 fsize16 c-fff f-fM txtOf\">在线学习图书中心<</h5>\r\n                                        <p class=\"txt-in\">小而全的在线学习图书中心。致力于传播精品图书，为用户提供集阅读、写作、评书、购书的一站式服务……</p>\r\n                                    </article>\r\n                                </div>\r\n                            </div>\r\n                            <div class=\"w50pre fl\">\r\n                                <div class=\"ml20 o-l-w-box clearfix\">\r\n                                    <div class=\"o-l-b-pic fl\">\r\n                                        <img src=\"/template/templet1/images/d2-zx-2.png\">\r\n                                    </div>\r\n                                    <article class=\"o-l-b-txt\">\r\n                                        <h5 class=\"hLh30 fsize16 c-fff f-fM txtOf\">在线文库实用知识库</h5>\r\n                                        <p class=\"txt-in\">在线互动式文档分享平台，在这里你可以阅读或免费下载百万优质文档。以开放共享的方式……</p>\r\n                                    </article>\r\n                                </div>\r\n                            </div>\r\n                        </article>\r\n                    </div>\r\n                </section>\r\n            </div>\r\n        </div>\r\n    </section>\r\n'),(23,'首页_师资力量.html','<#if (teachers??)>\r\n<div id=\"temFour\">\r\n    <section>\r\n        <div>\r\n            <div class=\"comm-title\">\r\n                <section class=\"container\">\r\n                    <header class=\"clearfix\">\r\n									<span class=\"fr\">\r\n										<a class=\"more c-666 f-fM disFw\" title=\"更多\" href=\"${ctx}/webpage/teacher.html\">MORE&nbsp;&gt;</a>\r\n									</span>\r\n                        <h2 class=\"fl tac current\">\r\n                            <span class=\"c-master\">师资力量</span>\r\n                        </h2>\r\n                    </header>\r\n                </section>\r\n            </div>\r\n            <div class=\"us-main\">\r\n                <section class=\"container\">\r\n                    <div class=\"i-teach-box\">\r\n                        <ul class=\"clearfix\">\r\n                            <#list teachers as teachers>\r\n                            <li>\r\n                                <section class=\"i-teach-wrap\">\r\n                                    <div class=\"i-teach-pic\">\r\n                                        <a title=\"${teachers.name}\" href=\"${webUrl}/front/teacher/${teachers.id}\">\r\n                                            <img xsrc=\"${webUrl}/${teachers.picPath}\" src=\"${webUrl}/${teachers.picPath}\" alt=\"${webUrl}/${teachers.name}\">\r\n                                        </a>\r\n                                    </div>\r\n                                    <div class=\"mt10 hLh30 txtOf tac\">\r\n                                        <a class=\"fsize18 c-666\" title=\"${teachers.name}\" href=\"${webUrl}/front/teacher/${teachers.id}\">${teachers.name}</a>\r\n                                    </div>\r\n                                    <div class=\"hLh30 txtOf tac\">\r\n                                        <span class=\"fsize14 c-999\">${teachers.education}</span>\r\n                                    </div>\r\n                                    <div class=\"mt15 i-q-txt\">\r\n                                        <p class=\"c-999 f-fA\">${teachers.career}</p>\r\n                                    </div>\r\n                                </section>\r\n                            </li>\r\n                            </#list>\r\n                        </ul>\r\n                    </div>\r\n                </section>\r\n            </div>\r\n        </div>\r\n    </section>\r\n</div>\r\n</#if>'),(24,'首页_师资力量模板2.html','<#if (teachers??)>\r\n<div id=\"temFive\">\r\n    <section class=\"b-fa\">\r\n        <div>\r\n            <div class=\"comm-title no-top-tit comm-title-3\">\r\n                <section class=\"container\">\r\n                    <header class=\"clearfix\">\r\n                        <h2 class=\"unFw hLh40 pb10 tac on-title-ie7\">\r\n                            <span class=\"disIb fsize30 f-fM c-333\">师资团队</span>\r\n                            <span class=\"disIb fsize30 f-fM c-master ml5 mr5\">/</span>\r\n                            <span class=\"disIb fsize14 f-fM c-999\">TEACHER TEAM</span>\r\n                        </h2>\r\n                    </header>\r\n                </section>\r\n            </div>\r\n            <div class=\"us-main\">\r\n                <section class=\"container\">\r\n                    <div class=\"demo-teach-warp\">\r\n                        <ul class=\"clearfix demo-teach-list\">\r\n                            <#list teachers as teachers>\r\n                            <li>\r\n                                <div class=\"demo-t-l-warp\">\r\n                                    <a title=\"${teachers.name}\" href=\"${webUrl}/front/teacher/${teachers.id}\" class=\"pic\">\r\n                                        <img xsrc=\"${webUrl}/${teachers.picPath}\" src=\"${webUrl}/${teachers.picPath}\" alt=\"${teachers.name}\">\r\n                                    </a>\r\n                                    <h4 class=\"hLh30 tac txtOf unFw\">\r\n                                        <a href=\"${webUrl}/front/teacher/${teachers.id}\" class=\"name fsize18 c-333 f-fM\">${teachers.name}</a>\r\n                                    </h4>\r\n                                    <h5 class=\"hLh30 fsize14 c-999 f-fM tac txtOf unFw\">${teachers.education}</h5>\r\n                                    <div class=\"mt15 i-q-txt\">\r\n                                        <p class=\"c-999 f-fA\">${teachers.career}</p>\r\n                                    </div>\r\n                                </div>\r\n                            </li>\r\n                            </#list>\r\n                        </ul>\r\n                        <div class=\"clear\"></div>\r\n                    </div>\r\n                    <div class=\"mb50 tac mt50\">\r\n                        <a href=\"${webUrl}/front/teacherlist\" class=\"btn btn-k btn-k-master fsize16 c-master tac\">查看更多</a>\r\n                    </div>\r\n                </section>\r\n            </div>\r\n        </div>\r\n    </section>\r\n</div>\r\n</#if>'),(25,'首页_师资团队模板3.html','<div id=\"temFive\">\r\n    <section class=\"b-fa\">\r\n        <div>\r\n            <div class=\"comm-title no-top-tit comm-title-3\">\r\n                <section class=\"container\">\r\n                    <header class=\"clearfix\">\r\n                        <h2 class=\"unFw hLh40 pb10 tac on-title-ie7\">\r\n                            <span class=\"disIb fsize30 f-fM c-333\">师资团队</span>\r\n                            <span class=\"disIb fsize30 f-fM c-master ml5 mr5\">/</span>\r\n                            <span class=\"disIb fsize14 f-fM c-999\">TEACHER TEAM</span>\r\n                        </h2>\r\n                    </header>\r\n                </section>\r\n            </div>\r\n            <div class=\"us-main\">\r\n                <section class=\"container\">\r\n                    <div class=\"i-teach-box\">\r\n                        <ul class=\"clearfix\">\r\n                            <#list teachers as teachers>\r\n                            <li>\r\n                                <section class=\"i-teach-wrap i-t-wrap-f\">\r\n                                    <div class=\"i-teach-pic\">\r\n                                        <a title=\"${teachers.name}\" href=\"${webUrl}/front/teacher/${teachers.id}\">\r\n                                            <img xsrc=\"${webUrl}/${teachers.picPath}\" src=\"${webUrl}/${teachers.picPath}\" alt=\"${teachers.name}\">\r\n                                        </a>\r\n                                    </div>\r\n                                    <div class=\"mt10 hLh30 txtOf tac\">\r\n                                        <a class=\"fsize18 c-666\" title=\"${teachers.name}\" href=\"${webUrl}/front/teacher/${teachers.id}\">${teachers.name}</a>\r\n                                    </div>\r\n                                    <div class=\"hLh30 txtOf tac\">\r\n                                        <span class=\"fsize14 c-999\">${teachers.education}</span>\r\n                                    </div>\r\n                                    <div class=\"mt15 i-q-txt\">\r\n                                        <p class=\"c-999 f-fA\">${teachers.career}</p>\r\n                                    </div>\r\n                                </section>\r\n                            </li>\r\n                            </#list>\r\n                        </ul>\r\n                    </div>\r\n                    <div class=\"mb50 tac mt50\">\r\n                        <a class=\"btn btn-k btn-k-master fsize16 c-master tac\" href=\"${webUrl}/front/teacherlist\">查看更多</a>\r\n                    </div>\r\n                </section>\r\n            </div>\r\n        </div>\r\n    </section>\r\n</div>'),(26,'首页_师资团队模板4.html','<#if (goodCourse??)>\r\n<div id=\"temThree\">\r\n    <section>\r\n        <div>\r\n            <div class=\"comm-title-3 com-m-none\">\r\n                <section class=\"container\">\r\n                    <header class=\"co-line-tit pr\">\r\n                        <div class=\"tac co-l-t-txt\">\r\n                            <div class=\"tac fsize30 f-fM c-333 hLh40\">课程介绍</div>\r\n                            <div class=\"tac fsize12 f-fM c-assist hLh30\">COURSE INTRODUCTION</div>\r\n                        </div>\r\n                        <div class=\"co-line-line pa\"></div>\r\n                    </header>\r\n                </section>\r\n            </div>\r\n            <div class=\"us-main\">\r\n                <section class=\"container\">\r\n                    <div class=\"demo-list4\">\r\n                        <ul class=\"clearfix\">\r\n                            <#list goodCourse as goodCourse>\r\n                            <li>\r\n                                <div class=\"de-l4-warp de-l4-w-line\">\r\n                                    <a href=\"${webUrl}/front/couinfo/${goodCourse.recommendId}\" class=\"pic\">\r\n                                        <img xsrc=\"${webUrl}/${goodCourse.logo}\" src=\"${webUrl}/${goodCourse.logo}\">\r\n                                    </a>\r\n                                    <h4 class=\"hLh30 txtOf mt10 unFw ml5 mr5\">\r\n                                        <a href=\"${webUrl}/front/couinfo/${goodCourse.recommendId}\" class=\"fsize16 c-333\">${goodCourse.courseName}</a>\r\n                                    </h4>\r\n                                    <section class=\"mt10 hLh30 of fl-txt ml5 mr5\">\r\n                                        <span class=\"disIb fsize14 c-999 f-fM\">主讲：</span>\r\n                                        <#list goodCourse.teacherList as teacherList>\r\n                                            ${teacherList.name}\r\n                                        </#list>\r\n                                    </section>\r\n                                    <section class=\"hLh30 of fl-txt ml5 mr5 mb5\">\r\n													<span class=\"fl c-999\">\r\n														<tt class=\"c-999 f-fM fsize12 mr10\">${goodCourse.pageBuycount}人购买</tt>\r\n														<tt class=\"c-999 f-fM fsize12 lls\">${goodCourse.pageViewcount}浏览</tt>\r\n													</span>\r\n                                        <span class=\"fr c-master fsize18\"> ￥${goodCourse.currentPrice}</span>\r\n                                    </section>\r\n                                </div>\r\n                            </li>\r\n                            </#list>\r\n                        </ul>\r\n                    </div>\r\n                    <div class=\"mb50 tac mt50\">\r\n                        <a class=\"btn btn-k btn-k-master fsize16 c-master tac\" href=\"${webUrl}/front/showcoulist\">查看更多</a>\r\n                    </div>\r\n                </section>\r\n            </div>\r\n        </div>\r\n    </section>\r\n</div>\r\n</#if>'),(27,'首页_新闻资讯.html','<div id=\"temFive\">\r\n    <section class=\"b-fa\">\r\n        <div>\r\n            <div class=\"comm-title\">\r\n                <section class=\"container\">\r\n                    <#if (article??)&&(articleRecommend??)>\r\n                    <header class=\"clearfix\">\r\n									<span class=\"fr\">\r\n										<a class=\"more c-666 f-fM disFw\" title=\"更多\" href=\"${ctx}/webpage/article_list.html\">MORE&nbsp;&gt;</a>\r\n									</span>\r\n                        <h2 class=\"fl tac current\">\r\n                            <span class=\"c-master\">新闻资讯</span>\r\n                        </h2>\r\n                    </header>\r\n                    </#if>\r\n                </section>\r\n            </div>\r\n            <div class=\"us-main\">\r\n                <section class=\"container\">\r\n                    <div class=\"i-news-box-pic\">\r\n                        <#if (article??)>\r\n                        <ul class=\"clearfix\">\r\n                            <#list article as article>\r\n                            <li>\r\n                                <a href=\"\" class=\"i-new-warp\">\r\n                                    <img xSrc=\"${webUrl}/${article.imageUrl}\" src=\"${webUrl}/${article.imageUrl}\">\r\n                                    <div class=\"i-n-name\">\r\n                                        <p class=\"fsize14 c-fff f-fM hLh30 tac txtOf\">\r\n                                            ${article.title}\r\n                                        </p>\r\n                                    </div>\r\n                                </a>\r\n                            </li>\r\n                            </#list>\r\n                        </ul>\r\n                    </#if>\r\n                    </div>\r\n\r\n                    <div class=\"i-news-box-txt\">\r\n                        <#if (articleRecommend??)>\r\n                        <ul class=\"clearfix\">\r\n                            <#list articleRecommend as articleContent>\r\n                            <li>\r\n                                <div class=\"i-n-w-txt\">\r\n                                    <section class=\"clearfix\">\r\n                                        <a href=\"\" class=\"n-nub\">\r\n                                            <div class=\"n-nub-in\">\r\n															<span class=\"day f-fH c-333\">\r\n																${articleContent_index+1}\r\n															</span>\r\n															<span class=\"year fsize14 c-666 f-fM\">\r\n																${articleContent.publishTime?date}\r\n															</span>\r\n                                            </div>\r\n                                        </a>\r\n                                        <h5 class=\"hLh30 f-fM txtOf\">\r\n                                            <a href=\"\" class=\"fsize16 c-333\">${articleContent.title}</a>\r\n                                        </h5>\r\n                                        <div class=\"nr\">\r\n                                            <p class=\"c-999 f-fM\">\r\n                                                ${articleContent.summary}\r\n                                            </p>\r\n                                        </div>\r\n                                    </section>\r\n                                </div>\r\n                            </li>\r\n                            </#list>\r\n                        </ul>\r\n                        </#if>\r\n                    </div>\r\n                </section>\r\n            </div>\r\n        </div>\r\n    </section>\r\n</div>'),(28,'首页_新闻资讯模板4.html','<div class=\"temFive\">\r\n    <section class=\"container\">\r\n        <div class=\"clearfix\">\r\n            <article class=\"col-7 fl\">\r\n                <#if (article??)>\r\n                    <div class=\"mr50 c-7-warp\">\r\n                        <div class=\"pc-title\">\r\n                            <div class=\"comm-title-3 com-m-none\">\r\n                                <header class=\"co-line-tit pr\">\r\n                                    <div class=\"co-l-t-txt\">\r\n                                        <div class=\"fsize24 f-fM c-333 hLh40\">最新资讯</div>\r\n                                        <div class=\"fsize12 f-fM c-assist hLh30\">NEW INFORMATION</div>\r\n                                    </div>\r\n                                </header>\r\n                            </div>\r\n                        </div>\r\n                        <div class=\"mobile-title\">\r\n                            <div class=\"comm-title-3 com-m-none\">\r\n                                <section class=\"container\">\r\n                                    <header class=\"co-line-tit pr\">\r\n                                        <div class=\"tac co-l-t-txt\">\r\n                                            <div class=\"tac fsize24 f-fM c-333 hLh40\">最新资讯</div>\r\n                                            <div class=\"tac fsize12 f-fM c-assist hLh30\">NEW INFORMATION</div>\r\n                                        </div>\r\n                                        <div class=\"co-line-line pa\"></div>\r\n                                    </header>\r\n                                </section>\r\n                            </div>\r\n                        </div>\r\n                        <div class=\"i-question-list\">\r\n                            <ul class=\"n-l-box\" id=\"iQuestion\">\r\n                                <#list article as article>\r\n                                    <li>\r\n                                        <aside class=\"n-l-pic\">\r\n                                            <a href=\"\">\r\n                                                <img xSrc=\"${webUrl}/${article.imageUrl}\" src=\"${webUrl}/${article.imageUrl}\">\r\n                                            </a>\r\n                                        </aside>\r\n                                        <h3 class=\"hLh30 txtOf unFw\">\r\n                                            <a href=\"\" class=\"n-l-tit fsize18 c-333 f-fM\" title=\"${article.title}\">\r\n                                                ${article.title}\r\n                                            </a>\r\n                                        </h3>\r\n                                        <section class=\"txt-nr mt10\">\r\n                                            <p class=\"c-999 f-fM\">${article.summary}</p>\r\n                                        </section>\r\n                                        <section class=\"hLh30 clearfix\">\r\n                                            <div class=\"fl\">\r\n                                                <em class=\"icon16 ico\">\r\n                                                    <img src=\"/template/templet1/images/liul.png\">\r\n                                                </em>\r\n                                                <tt class=\"fsize12 c-666 f-fM vam\">${article.clickNum}次</tt>\r\n                                            </div>\r\n                                            <div class=\"fl ml30\">\r\n                                                <em class=\"icon16 ico\">\r\n                                                    <img src=\"/template/templet1/images/time.png\">\r\n                                                </em>\r\n                                                <tt class=\"fsize12 c-666 f-fM vam\">${article.publishTime}</tt>\r\n                                            </div>\r\n                                        </section>\r\n                                    </li>\r\n                                </#list>\r\n\r\n                            </ul>\r\n                        </div>\r\n                    </div>\r\n                </#if>\r\n            </article>\r\n            <article class=\"col-3 fr\">\r\n                <#if (groupHotTopicList??)>\r\n                    <div class=\"c-3-warp\">\r\n                        <div class=\"pc-title\">\r\n                            <div class=\"comm-title-3 com-m-none\">\r\n                                <header class=\"co-line-tit pr\">\r\n                                    <div class=\"co-l-t-txt\">\r\n                                        <div class=\"fsize24 f-fM c-333 hLh40\">热门话题</div>\r\n                                        <div class=\"fsize12 f-fM c-assist hLh30\">HOT TOPIC</div>\r\n                                    </div>\r\n                                </header>\r\n                            </div>\r\n                        </div>\r\n                        <div class=\"mobile-title\">\r\n                            <div class=\"comm-title-3 com-m-none\">\r\n                                <section class=\"container\">\r\n                                    <header class=\"co-line-tit pr\">\r\n                                        <div class=\"tac co-l-t-txt\">\r\n                                            <div class=\"tac fsize24 f-fM c-333 hLh40\">热门话题</div>\r\n                                            <div class=\"tac fsize12 f-fM c-assist hLh30\">NHOT TOPIC</div>\r\n                                        </div>\r\n                                        <div class=\"co-line-line pa\"></div>\r\n                                    </header>\r\n                                </section>\r\n                            </div>\r\n                        </div>\r\n                        <div class=\"i-question-list\">\r\n                            <ul class=\"d4-hot-list\">\r\n                                <#list groupHotTopicList as groupHotTopicList>\r\n                                    <li>\r\n                                        <a class=\"tit-pic\" href=\"javascript:void(0)\" title=\"\">\r\n                                            <img xsrc=\"${groupPath}/${groupHotTopicList.htmlImages}\" src=\"${groupPath}/${groupHotTopicList.htmlImages}\" alt=\"\">\r\n                                        </a>\r\n                                        <div class=\"tit-txt\">\r\n                                            <img src=\"/template/templet1/images/topic.png\" title=\"话题\" alt=\"话题\" height=\"12\" width=\"12\" class=\"vam\">\r\n                                            <a class=\"tit-txt-name vam\" href=\"${groupPath}/front/topic/topicInfor/${groupHotTopicList.id}\" title=\"进入查看\" target=\"_blank\">${groupHotTopicList.title}</a>\r\n                                        </div>\r\n                                        <p class=\"nr-txt\">\r\n                                            <a href=\"${groupPath}/front/topic/topicInfor/${groupHotTopicList.id}\" title=\"进入查看\" target=\"_blank\"> ${groupHotTopicList.content}</a>\r\n                                        </p>\r\n                                        <div class=\"clear\"></div>\r\n                                        <div class=\"d4-h-ly clearfix mt10\">\r\n                                            <font class=\"disIb vam fsize12 c-666 f-fM\">来源：</font>\r\n                                            <a class=\"disIb vam fsize12 c-assist f-fM\" href=\"\">[${groupHotTopicList.groupName}]</a>\r\n                                            <span class=\"disIb vam fsize12 c-666 f-fM fr\">${groupHotTopicList.createTime?date}</span>\r\n                                        </div>\r\n                                    </li>\r\n                                </#list>\r\n                            </ul>\r\n                        </div>\r\n                    </div>\r\n                </#if>\r\n            </article>\r\n        </div>\r\n    </section>\r\n</div>'),(29,'首页_考试系统模板2.html','<div id=\"temThree\">\r\n    <section>\r\n        <div>\r\n            <div class=\"comm-title no-top-tit comm-title-3\">\r\n                <section class=\"container\">\r\n                    <header class=\"clearfix\">\r\n                        <h2 class=\"unFw hLh40 pb10 tac\">\r\n                            <span class=\"disIb fsize30 f-fM c-333\">考试系统</span>\r\n                            <span class=\"disIb fsize30 f-fM c-master ml5 mr5\">/</span>\r\n                            <span class=\"disIb fsize14 f-fM c-999\">EXAMINATION SYSTEM</span>\r\n                        </h2>\r\n                    </header>\r\n                </section>\r\n            </div>\r\n            <div class=\"us-main\">\r\n                <section class=\"container\">\r\n                    <div class=\"demo-list3\">\r\n                        <ul class=\"clearfix\">\r\n                            <li>\r\n                                <div class=\"demo-l-pic\">\r\n                                    <span class=\"pic-img pic-img-1\"></span>\r\n                                </div>\r\n                                <h5 class=\"hLh40 fsize20 c-333 f-fM unFw txtOf tac\">知识点练习</h5>\r\n                                <section class=\"demo-l-txt\">\r\n                                    <p class=\"fsize14 c-999 f-fM tac\">针对具体章节，详细到考点，快速击破</p>\r\n                                </section>\r\n                            </li>\r\n                            <li>\r\n                                <div class=\"demo-l-pic\">\r\n                                    <span class=\"pic-img pic-img-2\"></span>\r\n                                </div>\r\n                                <h5 class=\"hLh40 fsize20 c-333 f-fM unFw txtOf tac\">知识点练习</h5>\r\n                                <section class=\"demo-l-txt\">\r\n                                    <p class=\"fsize14 c-999 f-fM tac\">针对具体章节，详细到考点，快速击破</p>\r\n                                </section>\r\n                            </li>\r\n                            <li>\r\n                                <div class=\"demo-l-pic\">\r\n                                    <span class=\"pic-img pic-img-3\"></span>\r\n                                </div>\r\n                                <h5 class=\"hLh40 fsize20 c-333 f-fM unFw txtOf tac\">知识点练习</h5>\r\n                                <section class=\"demo-l-txt\">\r\n                                    <p class=\"fsize14 c-999 f-fM tac\">针对具体章节，详细到考点，快速击破</p>\r\n                                </section>\r\n                            </li>\r\n                            <li>\r\n                                <div class=\"demo-l-pic\">\r\n                                    <span class=\"pic-img pic-img-4\"></span>\r\n                                </div>\r\n                                <h5 class=\"hLh40 fsize20 c-333 f-fM unFw txtOf tac\">知识点练习</h5>\r\n                                <section class=\"demo-l-txt\">\r\n                                    <p class=\"fsize14 c-999 f-fM tac\">针对具体章节，详细到考点，快速击破</p>\r\n                                </section>\r\n                            </li>\r\n                            <li>\r\n                                <div class=\"demo-l-pic\">\r\n                                    <span class=\"pic-img pic-img-5\"></span>\r\n                                </div>\r\n                                <h5 class=\"hLh40 fsize20 c-333 f-fM unFw txtOf tac\">知识点练习</h5>\r\n                                <section class=\"demo-l-txt\">\r\n                                    <p class=\"fsize14 c-999 f-fM tac\">针对具体章节，详细到考点，快速击破</p>\r\n                                </section>\r\n                            </li>\r\n                            <li>\r\n                                <div class=\"demo-l-pic\">\r\n                                    <span class=\"pic-img pic-img-6\"></span>\r\n                                </div>\r\n                                <h5 class=\"hLh40 fsize20 c-333 f-fM unFw txtOf tac\">知识点练习</h5>\r\n                                <section class=\"demo-l-txt\">\r\n                                    <p class=\"fsize14 c-999 f-fM tac\">针对具体章节，详细到考点，快速击破</p>\r\n                                </section>\r\n                            </li>\r\n                        </ul>\r\n                    </div>\r\n                </section>\r\n            </div>\r\n        </div>\r\n    </section>\r\n</div>'),(30,'首页_课程介绍模板3.html','<#if (goodCourse??)&&(newCourse??)&&(allCourse??)>\r\n<div id=\"temThree\">\r\n    <section>\r\n        <div>\r\n            <div class=\"comm-title no-top-tit comm-title-3\">\r\n                <section class=\"container\">\r\n                    <header class=\"clearfix\">\r\n                        <h2 class=\"unFw hLh40 pb10 tac\">\r\n                            <span class=\"disIb fsize30 f-fM c-333\">课程介绍</span>\r\n                            <span class=\"disIb fsize30 f-fM c-master ml5 mr5\">/</span>\r\n                            <span class=\"disIb fsize14 f-fM c-999\">COURSE INTRODUCTION</span>\r\n                        </h2>\r\n                    </header>\r\n                    <div>\r\n                        <article class=\"cm-tab-title tac\">\r\n                            <#if (goodCourse??)>\r\n                            <a id=\"good\" class=\"current\" href=\"javascript:void(0)\" onclick=\"course(\'goodCourse\')\" title=\"精品课程\">精品课程</a>\r\n                            </#if>\r\n                            <#if (newCourse??)>\r\n                            <a id=\"new\" href=\"javascript:void(0)\" onclick=\"course(\'newCourse\')\"title=\"最新课程\">最新课程</a>\r\n                            </#if>\r\n                            <#if (allCourse??)>\r\n                            <a id=\"all\" href=\"javascript:void(0)\" onclick=\"course(\'allCourse\')\"title=\"全部课程\">全部课程</a>\r\n                            </#if>\r\n                        </article>\r\n                    </div>\r\n                </section>\r\n            </div>\r\n            <div class=\"us-main\">\r\n                <section class=\"container\">\r\n                    <div id=\"course\" class=\"demo-list4\">\r\n                        <#if (goodCourse??)>\r\n                        <ul id=\"goodCourse\" class=\"clearfix\">\r\n                            <#list goodCourse as goodCourse>\r\n                            <li>\r\n                                <div class=\"de-l4-warp\">\r\n                                    <a href=\"${webUrl}/front/couinfo/${goodCourse.recommendId}\" class=\"pic\">\r\n                                        <img xsrc=\"${webUrl}/${goodCourse.logo}\" src=\"${webUrl}/${goodCourse.logo}\">\r\n                                    </a>\r\n                                    <h4 class=\"hLh30 txtOf mt10 unFw ml5 mr5\">\r\n                                        <a href=\"${webUrl}/front/couinfo/${goodCourse.recommendId}\" class=\"fsize16 c-333\">${goodCourse.courseName}</a>\r\n                                    </h4>\r\n                                    <section class=\"mt10 hLh30 of fl-txt ml5 mr5\">\r\n													<span class=\"fl c-999\">\r\n														<tt class=\"c-999 f-fA fsize14\">${goodCourse.pageBuycount}人购买</tt>\r\n														<tt class=\"lls c-999 f-fA\">|</tt>\r\n														<tt class=\"c-999 f-fA fsize14 lls\">${goodCourse.pageViewcount}浏览</tt>\r\n													</span>\r\n                                        <span class=\"fr c-master fsize20\"> ￥${goodCourse.currentPrice}</span>\r\n                                    </section>\r\n                                </div>\r\n                            </li>\r\n                            </#list>\r\n                        </ul>\r\n                        </#if>\r\n                        <#if (allCourse??)>\r\n                        <ul id=\"allCourse\" class=\"clearfix\"style=\"display: none\" >\r\n                            <#list allCourse as allCourse>\r\n                                <li>\r\n                                    <div class=\"de-l4-warp\">\r\n                                        <a href=\"${webUrl}/front/couinfo/${allCourse.courseId}\" class=\"pic\">\r\n                                            <img xsrc=\"${webUrl}/${allCourse.logo}\" src=\"${webUrl}/${allCourse.logo}\">\r\n                                        </a>\r\n                                        <h4 class=\"hLh30 txtOf mt10 unFw ml5 mr5\">\r\n                                            <a href=\"${webUrl}/front/couinfo/${allCourse.courseId}\" class=\"fsize16 c-333\">${allCourse.courseName}</a>\r\n                                        </h4>\r\n                                        <section class=\"mt10 hLh30 of fl-txt ml5 mr5\">\r\n													<span class=\"fl c-999\">\r\n														<tt class=\"c-999 f-fA fsize14\">${allCourse.pageBuycount}人购买</tt>\r\n														<tt class=\"lls c-999 f-fA\">|</tt>\r\n														<tt class=\"c-999 f-fA fsize14 lls\">${allCourse.pageViewcount}浏览</tt>\r\n													</span>\r\n                                            <span class=\"fr c-master fsize20\"> ￥${allCourse.currentPrice}</span>\r\n                                        </section>\r\n                                    </div>\r\n                                </li>\r\n                            </#list>\r\n                        </ul>\r\n                        </#if>\r\n                        <#if (newCourse??)>\r\n                        <ul id=\"newCourse\"  class=\"clearfix\"style=\"display: none\">\r\n                            <#list newCourse as newCourse>\r\n                                <li>\r\n                                    <div class=\"de-l4-warp\">\r\n                                        <a href=\"${webUrl}/front/couinfo/${newCourse.courseId}\" class=\"pic\">\r\n                                            <img xsrc=\"${webUrl}/${newCourse.logo}\" src=\"${webUrl}/${newCourse.logo}\">\r\n                                        </a>\r\n                                        <h4 class=\"hLh30 txtOf mt10 unFw ml5 mr5\">\r\n                                            <a href=\"${webUrl}/front/couinfo/${newCourse.courseId}\" class=\"fsize16 c-333\">${newCourse.courseName}</a>\r\n                                        </h4>\r\n                                        <section class=\"mt10 hLh30 of fl-txt ml5 mr5\">\r\n													<span class=\"fl c-999\">\r\n														<tt class=\"c-999 f-fA fsize14\">${newCourse.pageBuycount}人购买</tt>\r\n														<tt class=\"lls c-999 f-fA\">|</tt>\r\n														<tt class=\"c-999 f-fA fsize14 lls\">${newCourse.pageViewcount}浏览</tt>\r\n													</span>\r\n                                            <span class=\"fr c-master fsize20\"> ￥${newCourse.currentPrice}</span>\r\n                                        </section>\r\n                                    </div>\r\n                                </li>\r\n                            </#list>\r\n                        </ul>\r\n                        </#if>\r\n                    </div>\r\n                    <div class=\"mb50 tac mt50\">\r\n                        <a class=\"btn btn-k btn-k-master fsize16 c-master tac\" href=\"${webUrl}/front/showcoulist\">查看更多</a>\r\n                    </div>\r\n                </section>\r\n            </div>\r\n        </div>\r\n    </section>\r\n    <script>\r\n        function course(type) {\r\n            if (type==\"goodCourse\"){\r\n                $(\"#goodCourse\").show()\r\n                $(\"#allCourse\").hide()\r\n                $(\"#newCourse\").hide()\r\n                $(\"#good\").addClass(\"current\")\r\n                $(\"#all\").removeClass(\"current\")\r\n                $(\"#new\").removeClass(\"current\")\r\n\r\n            }\r\n            if (type==\"allCourse\"){\r\n                $(\"#goodCourse\").hide()\r\n                $(\"#allCourse\").show()\r\n                $(\"#newCourse\").hide()\r\n                $(\"#good\").removeClass(\"current\")\r\n                $(\"#all\").addClass(\"current\")\r\n                $(\"#new\").removeClass(\"current\")\r\n\r\n            }\r\n            if (type==\"newCourse\"){\r\n                $(\"#goodCourse\").hide()\r\n                $(\"#allCourse\").hide()\r\n                $(\"#newCourse\").show()\r\n                $(\"#good\").removeClass(\"current\")\r\n                $(\"#all\").removeClass(\"current\")\r\n                $(\"#new\").addClass(\"current\")\r\n            }\r\n        }\r\n    </script>\r\n</div>\r\n</#if>'),(31,'首页_课程介绍模板4.html','<#if (goodCourse??)>\r\n<div id=\"temThree\">\r\n    <section>\r\n        <div>\r\n            <div class=\"comm-title-3 com-m-none\">\r\n                <section class=\"container\">\r\n                    <header class=\"co-line-tit pr\">\r\n                        <div class=\"tac co-l-t-txt\">\r\n                            <div class=\"tac fsize30 f-fM c-333 hLh40\">课程介绍</div>\r\n                            <div class=\"tac fsize12 f-fM c-assist hLh30\">COURSE INTRODUCTION</div>\r\n                        </div>\r\n                        <div class=\"co-line-line pa\"></div>\r\n                    </header>\r\n                </section>\r\n            </div>\r\n            <div class=\"us-main\">\r\n                <section class=\"container\">\r\n                    <div class=\"demo-list4\">\r\n                        <ul class=\"clearfix\">\r\n                            <#list goodCourse as goodCourse>\r\n                            <li>\r\n                                <div class=\"de-l4-warp de-l4-w-line\">\r\n                                    <a href=\"${webUrl}/front/couinfo/${goodCourse.recommendId}\" class=\"pic\">\r\n                                        <img xsrc=\"${webUrl}/${goodCourse.logo}\" src=\"${webUrl}/${goodCourse.logo}\">\r\n                                    </a>\r\n                                    <h4 class=\"hLh30 txtOf mt10 unFw ml5 mr5\">\r\n                                        <a href=\"${webUrl}/front/couinfo/${goodCourse.recommendId}\" class=\"fsize16 c-333\">${goodCourse.courseName}</a>\r\n                                    </h4>\r\n                                    <section class=\"mt10 hLh30 of fl-txt ml5 mr5\">\r\n                                        <span class=\"disIb fsize14 c-999 f-fM\">主讲：</span>\r\n                                        <#list goodCourse.teacherList as teacherList>\r\n                                            ${teacherList.name}\r\n                                        </#list>\r\n                                    </section>\r\n                                    <section class=\"hLh30 of fl-txt ml5 mr5 mb5\">\r\n													<span class=\"fl c-999\">\r\n														<tt class=\"c-999 f-fM fsize12 mr10\">${goodCourse.pageBuycount}人购买</tt>\r\n														<tt class=\"c-999 f-fM fsize12 lls\">${goodCourse.pageViewcount}浏览</tt>\r\n													</span>\r\n                                        <span class=\"fr c-master fsize18\"> ￥${goodCourse.currentPrice}</span>\r\n                                    </section>\r\n                                </div>\r\n                            </li>\r\n                            </#list>\r\n                        </ul>\r\n                    </div>\r\n                    <div class=\"mb50 tac mt50\">\r\n                        <a class=\"btn btn-k btn-k-master fsize16 c-master tac\" href=\"${webUrl}/front/showcoulist\">查看更多</a>\r\n                    </div>\r\n                </section>\r\n            </div>\r\n        </div>\r\n    </section>\r\n</div>\r\n</#if>'),(32,'首页_banner.html','<div id=\"TEMPLATE_LABEL_\" class=\"is_first_banner\">\r\n    <section class=\"banner-wrap\" id=\"banner-wrap\">\r\n        <div class=\"i-slide demo5-slide\">\r\n            <section>\r\n                <!-- 如果需要导航按钮 -->\r\n                <a class=\"arrow-left s-arrow\" href=\"#\"></a>\r\n                <a class=\"arrow-right s-arrow\" href=\"#\"></a>\r\n                <!-- 图片位置 -->\r\n                <div class=\"swiper-container\">\r\n                    <div class=\"swiper-wrapper\">\r\n                        <#if (WEBSITE_IMAGES_LIST?size>0)>\r\n                            <#list WEBSITE_IMAGES_LIST as websiteImage>\r\n                                    <div class=\"swiper-slide\">\r\n                                        <a href=\"${websiteImage.linkAddress!\'\'}\" target=\"_blank\">\r\n                                            <img src=\"${ctx}${websiteImage.imagesUrl}\" class=\"imgload\">\r\n                                        </a>\r\n                                    </div>\r\n                            </#list>\r\n                            <#else>\r\n                                <div class=\"swiper-slide\">\r\n                                    <a href=\"javascript:void(0)\">\r\n                                        <img src=\"/template/templet1/images/pic/banner-1.jpg\" class=\"imgload\">\r\n                                    </a>\r\n                                </div>\r\n                                <div class=\"swiper-slide\">\r\n                                    <a href=\"javascript:void(0)\">\r\n                                        <img src=\"/template/templet1/images/pic/banner-1.jpg\" class=\"imgload\">\r\n                                    </a>\r\n                                </div>\r\n                        </#if>\r\n\r\n                    </div>\r\n                </div>\r\n                <!--  如果需要分页器 -->\r\n                <div class=\"pagination\"></div>\r\n                <!-- /index slide -->\r\n            </section>\r\n        </div>\r\n    </section>\r\n</div>\r\n');

/*Table structure for table `sys_user` */

DROP TABLE IF EXISTS `sys_user`;

CREATE TABLE `sys_user` (
  `USER_ID` int(11) NOT NULL AUTO_INCREMENT COMMENT '主键',
  `LOGIN_NAME` varchar(20) NOT NULL DEFAULT '' COMMENT '登录名',
  `LOGIN_PWD` varchar(32) NOT NULL DEFAULT '' COMMENT '登录密码',
  `USER_NAME` varchar(50) DEFAULT NULL COMMENT '用户真实姓名名',
  `STATUS` tinyint(1) DEFAULT '0' COMMENT '状态.0: 正常,1:冻结,2：删除',
  `LAST_LOGIN_TIME` timestamp NULL DEFAULT NULL COMMENT '最后登录时间',
  `LAST_LOGIN_IP` varchar(20) DEFAULT NULL COMMENT '最后登录IP',
  `CREATE_TIME` timestamp NULL DEFAULT NULL COMMENT '创建时间',
  `EMAIL` varchar(50) DEFAULT NULL COMMENT '邮件地址',
  `TEL` varchar(12) DEFAULT NULL COMMENT '手机号码',
  `ROLE_ID` int(11) DEFAULT '0' COMMENT '所属角色ID',
  `teacher_id` int(11) DEFAULT NULL COMMENT '关联讲师id',
  PRIMARY KEY (`USER_ID`)
) ENGINE=InnoDB AUTO_INCREMENT=5 DEFAULT CHARSET=utf8 ROW_FORMAT=COMPACT COMMENT='系统用户表';

/*Data for the table `sys_user` */

insert  into `sys_user`(`USER_ID`,`LOGIN_NAME`,`LOGIN_PWD`,`USER_NAME`,`STATUS`,`LAST_LOGIN_TIME`,`LAST_LOGIN_IP`,`CREATE_TIME`,`EMAIL`,`TEL`,`ROLE_ID`,`teacher_id`) values (2,'admin','96e79218965eb72c92a549dd5a330112','inxedu',0,'2017-05-03 10:54:11','10.1.2.59','2015-03-17 01:45:46','inxedu@inxedu.com','88888888888',1,NULL),(3,'admintc','96e79218965eb72c92a549dd5a330112','陈晓薇老师',0,'2016-06-28 14:35:15','192.168.1.207','2016-05-26 11:28:32','jiaoshi@inxedu.com','13111111111',4,83),(4,'der','96e79218965eb72c92a549dd5a330112','der',0,'2016-11-01 14:27:27','10.1.1.23','2016-10-27 11:46:54','306213945@qq.com','18231178122',1,0);

/*Table structure for table `sys_webpage` */

DROP TABLE IF EXISTS `sys_webpage`;

CREATE TABLE `sys_webpage` (
  `ID` int(11) NOT NULL AUTO_INCREMENT COMMENT 'id',
  `PAGE_NAME` varchar(20) DEFAULT NULL COMMENT '页面名称',
  `TITLE` varchar(500) DEFAULT NULL COMMENT '标题',
  `AUTHOR` varchar(500) DEFAULT NULL COMMENT '作者',
  `KEYWORDS` varchar(500) DEFAULT NULL COMMENT '关键词',
  `DESCRIPTION` varchar(5000) DEFAULT NULL COMMENT '描述',
  `PUBLISH_URL` varchar(200) DEFAULT NULL COMMENT '发布地址',
  `CREATE_TIME` datetime DEFAULT NULL COMMENT '创建时间',
  PRIMARY KEY (`ID`)
) ENGINE=InnoDB AUTO_INCREMENT=50 DEFAULT CHARSET=utf8 COMMENT='页面';

/*Data for the table `sys_webpage` */

insert  into `sys_webpage`(`ID`,`PAGE_NAME`,`TITLE`,`AUTHOR`,`KEYWORDS`,`DESCRIPTION`,`PUBLISH_URL`,`CREATE_TIME`) values (1,'首页模板五','首页',NULL,NULL,NULL,'/index1.html','2016-10-28 16:28:36'),(2,'首页模板六','首页',NULL,NULL,NULL,'/index2.html','2016-10-28 17:16:37'),(3,'首页模板七','首页',NULL,NULL,NULL,'/index3.html','2016-11-07 14:50:28'),(7,'首页','首页','','','','/index.html','2016-09-14 17:23:27'),(8,'课程','课程','','','','/course.html','2016-09-07 15:41:06'),(11,'资讯','资讯','','','','/article_list.html','2016-09-07 16:02:08'),(41,'关于我们','关于我们','','','','/about_us.html','2016-09-14 17:15:36'),(46,'名师','名师','','','','/teacher.html','2016-09-26 15:10:59'),(47,'首页模板二','首页','','','','/index47.html','2016-09-27 09:53:39'),(48,'首页模板三','首页','','','','/index48.html','2016-09-27 11:30:49'),(49,'首页模板四','首页','','','','/index49.html','2016-09-27 17:24:03');

/*Table structure for table `sys_webpage_template` */

DROP TABLE IF EXISTS `sys_webpage_template`;

CREATE TABLE `sys_webpage_template` (
  `ID` int(11) NOT NULL AUTO_INCREMENT COMMENT 'id',
  `PAGE_ID` int(11) DEFAULT NULL COMMENT '页面id',
  `TEMPLATE_NAME` varchar(50) DEFAULT NULL COMMENT '模板名称',
  `TEMPLATE_TITLE` varchar(50) DEFAULT NULL COMMENT '模板标题（页面显示）',
  `TEMPLATE_URL` varchar(200) DEFAULT NULL COMMENT '引用的模板路径',
  `INFO` varchar(500) DEFAULT NULL COMMENT '信息、描述、备注等',
  `SORT` int(2) DEFAULT NULL COMMENT '排序值',
  `EFFECTIVE` int(2) DEFAULT '1' COMMENT '是否生效 1生效（默认） 2预览（新增的为2，预览查看所有，发布只查询1的，正式发布后修改为1）',
  PRIMARY KEY (`ID`)
) ENGINE=InnoDB AUTO_INCREMENT=5528 DEFAULT CHARSET=utf8 COMMENT='页面和模板中间表';

/*Data for the table `sys_webpage_template` */

insert  into `sys_webpage_template`(`ID`,`PAGE_ID`,`TEMPLATE_NAME`,`TEMPLATE_TITLE`,`TEMPLATE_URL`,`INFO`,`SORT`,`EFFECTIVE`) values (2470,84,'公共头部','公共头部','/template/templet1/公共头部.html',NULL,1,0),(2471,84,'公共尾部','公共尾部','/template/templet1/公共尾部.html',NULL,2,0),(2482,86,'公共头部','公共头部','/template/templet1/公共头部.html',NULL,1,1),(2483,86,'公共尾部','公共尾部','/template/templet1/公共尾部.html',NULL,2,1),(2528,87,'公共头部','公共头部','/template/templet1/公共头部.html',NULL,1,1),(2529,87,'公共尾部','公共尾部','/template/templet1/公共尾部.html',NULL,2,1),(2530,88,'公共头部','公共头部','/template/templet1/公共头部.html',NULL,1,1),(2531,88,'公共尾部','公共尾部','/template/templet1/公共尾部.html',NULL,2,1),(2532,89,'公共头部','公共头部','/template/templet1/公共头部.html',NULL,1,1),(2533,89,'公共尾部','公共尾部','/template/templet1/公共尾部.html',NULL,2,1),(2534,90,'公共头部','公共头部','/template/templet1/公共头部.html',NULL,1,1),(2535,90,'公共尾部','公共尾部','/template/templet1/公共尾部.html',NULL,2,1),(2629,79,'公共头部',NULL,'/template/templet1/公共头部.html',NULL,1,1),(2630,79,'首页_banner',NULL,'/template/templet1/首页_banner.html',NULL,2,1),(2631,79,'其他模块三',NULL,'/template/templet1/课程_优势介绍.html',NULL,3,1),(2632,79,'公共尾部',NULL,'/template/templet1/公共尾部.html',NULL,4,1),(3724,138,'公共头部','公共头部','/template/templet1/公共头部.html',NULL,1,1),(3725,138,'公共尾部','公共尾部','/template/templet1/公共尾部.html',NULL,2,1),(5415,8,'公共头部','公共头部','/template/templet1/公共头部.html','',0,1),(5416,8,'课程_广告图','课程_广告图','/template/templet1/课程_广告图.html','',1,1),(5417,8,'课程_优势介绍','课程优势','/template/templet1/课程_优势介绍.html','',2,1),(5418,8,'课程_精品课程','精品课程','/template/templet1/课程_精品课程.html','EXCELLENT CJRRICULUM',3,1),(5419,8,'公共尾部','公共尾部','/template/templet1/公共尾部.html','',4,1),(5420,46,'公共头部','公共头部','/template/templet1/公共头部.html','',0,1),(5421,46,'师资_广告','师资_广告','/template/templet1/师资_广告.html','',1,1),(5422,46,'师资_优势介绍','优势介绍','/template/templet1/师资_优势介绍.html','',2,1),(5423,46,'师资_讲师团队','讲师团队','/template/templet1/师资_讲师团队.html','TEACHER TEAM',3,1),(5424,46,'师资_学员心声','学员心声','/template/templet1/师资_学员心声.html','STUDENTS VOICE',4,1),(5425,46,'公共尾部','公共尾部','/template/templet1/公共尾部.html','',5,1),(5426,41,'公共头部','公共头部','/template/templet1/公共头部.html','',0,1),(5427,41,'关于我们_广告图一','关于我们_广告图一','/template/templet1/关于我们_广告图一.html','',1,1),(5428,41,'关于我们_我们是谁',NULL,'/template/templet1/关于我们_我们是谁.html',NULL,2,1),(5429,41,'关于我们_我们的优势','我们的优势','/template/templet1/关于我们_我们的优势.html','OUR GOAL',3,1),(5430,41,'关于我们_我们的服务','我们的服务','/template/templet1/关于我们_我们的服务.html','OUR SERVICE',4,1),(5431,41,'关于我们_找到我们','找到我们','/template/templet1/关于我们_找到我们.html','FIND US',5,1),(5432,41,'公共尾部','公共尾部','/template/templet1/公共尾部.html','',6,1),(5433,47,'公共头部','公共头部','/template/templet1/公共头部.html','',0,1),(5434,47,'首页_banner模板2','首页_banner模板2','/template/templet1/首页_banner模板2.html','',1,1),(5435,47,'首页_考试系统模板2','考试系统','/template/templet1/首页_考试系统模板2.html','EXAMINATION SYSTEM',2,1),(5436,47,'首页_在线学习模板2','在线学习','/template/templet1/首页_在线学习模板2.html','ONLINE LEARNING',3,1),(5437,47,'首页_师资力量模板2','师资力量','/template/templet1/首页_师资力量模板2.html','TEACHER TEAM',4,1),(5438,47,'公共尾部','公共尾部','/template/templet1/公共尾部.html','',5,1),(5439,48,'公共头部','公共头部','/template/templet1/公共头部.html','',0,1),(5440,48,'首页_banner模板3','首页_banner模板3','/template/templet1/首页_banner模板3.html','',1,1),(5441,48,'首页_课程介绍模板3','课程介绍','/template/templet1/首页_课程介绍模板3.html','COURSE INTRODUCTION',2,1),(5442,48,'首页_师资团队模板3','师资团队','/template/templet1/首页_师资团队模板3.html','TEACHER TEAM',3,1),(5443,48,'公共尾部','公共尾部','/template/templet1/公共尾部.html','',4,1),(5444,49,'公共头部模板2','公共头部模板2','/template/templet1/公共头部模板2.html','',0,1),(5445,49,'首页_banner模板4',NULL,'/template/templet1/首页_banner模板4.html',NULL,1,1),(5446,49,'首页_课程介绍模板4','课程介绍','/template/templet1/首页_课程介绍模板4.html','COURSE INTRODUCTION',2,1),(5447,49,'首页_师资团队模板4','师资团队','/template/templet1/首页_师资团队模板4.html','TEACHER TEAM',3,1),(5448,49,'首页_新闻资讯模板4','新闻资讯/热门话题','/template/templet1/首页_新闻资讯模板4.html','NEW INFORMATION/HOT TOPIC',4,1),(5449,49,'公共尾部模板2','公共尾部模板2','/template/templet1/公共尾部模板2.html','',5,1),(5450,1,'公共头部模板5','公共尾部模板5','/template/templet1/公共头部模板5.html','',0,1),(5451,1,'首页_banner模板5','首页_banner模板5','/template/templet1/首页_banner模板5.html','',1,1),(5452,1,'课程分类模板5','课程分类','/template/templet1/首页_课程分类模板5.html','针对性提高，个性化教学,一起快乐学习',2,1),(5453,1,'关于我们模板5','关于我们','/template/templet1/首页_关于我们模板5.html','业精于勤，我们赢得了超过200多家大型公司、集团的认可，越来越多的同学选择加入我们的团队，成就更加美好的未来。',3,1),(5454,1,'留学资讯模板5','留学资讯','/template/templet1/首页_留学资讯模板5.html','加入瑞思语言培训，收货一个成功的未来，圆你一个出国的梦想，携手并进，共赴明天。',4,1),(5455,1,'优秀学员模板5','优秀学员','/template/templet1/首页_优秀学员模板5.html','加入瑞思语言培训，收货一个成功的未来，圆你一个出国的梦想，携手并进，共赴明天。',5,1),(5456,1,'公共尾部模板5','公共尾部模板5','/template/templet1/公共尾部模板5.html','',6,1),(5464,3,'公共头部模板7','公共头部模板7','/template/templet1/公共头部模板7.html','',0,1),(5465,3,'首页_banner模板7','首页_banner模板7','/template/templet1/首页_banner模板7.html','',1,1),(5466,3,'首页_特色班级模板7','特色班级','/template/templet1/首页_特色班级模板7.html','Features Class',2,1),(5467,3,'首页_优秀学员模板7','部分高分学员成绩及入取院校','/template/templet1/首页_优秀学员模板7.html','选择我们，选择成功',3,1),(5468,3,'首页_师资团队模板7','我们的团队','/template/templet1/首页_师资团队模板7.html','Our team',4,1),(5469,3,'首页_新闻资讯模板7','学习信息免费推送，你的竞争软实力','/template/templet1/首页_新闻资讯模板7.html','选择我们，选择成功',5,1),(5470,3,'公共尾部模板6','公共尾部模板6','/template/templet1/公共尾部模板6.html','',6,1),(5471,11,'公共头部','公共头部','/template/templet1/公共头部.html','',0,1),(5472,11,'资讯_资讯列表','资讯列表/资讯排行','/template/templet1/资讯_资讯列表.html','INFORMATION LIST/INFORMATION LIST',1,1),(5473,11,'公共尾部','公共尾部','/template/templet1/公共尾部.html','',2,1),(5501,2,'公共头部模板6','公共头部模板6','/template/templet1/公共头部模板6.html',NULL,0,1),(5502,2,'首页_banner模板6',NULL,'/template/templet1/首页_banner模板6.html',NULL,1,1),(5503,2,'首页_迎战未来的4大因素6','迎战未来的4大因素','/template/templet1/首页_迎战未来的4大因素6.html',NULL,2,1),(5504,2,'首页_服务需求模板6','为你提供全方位、更全面的选择需求','/template/templet1/首页_服务需求模板6.html',NULL,3,1),(5505,2,'首页_职业资讯模板6','职业教育：世界因我而美好','/template/templet1/首页_职业资讯模板6.html',NULL,4,1),(5506,2,'首页_生活环境模板6','为您提供良好的学习环境及生活环境','/template/templet1/首页_生活环境模板6.html','为您提供良好的学习环境及生活环境/行业唯一自建专属基地/专供学员学习使用/星级标准安全保障/专聘外交独家指导/一对一针对性服务指导',5,1),(5507,2,'公共头部模板6','公共头部模板6','/template/templet1/公共尾部模板6.html',NULL,6,1),(5522,7,'公共头部','公共头部','/template/templet1/公共头部.html',NULL,0,1),(5523,7,'首页_banner','首页_banner','/template/templet1/首页_banner.html',NULL,1,1),(5524,7,'首页_关于我们','关于我们','/template/templet1/首页_关于我们.html','ABOUT US/我们怀揣梦想，愿与大家携手，“以开源节流”为宗旨，服务与更多的中小型教育机构和个人，力争借助高速增长的国内互联网在线教育，开拓出领先的在线教育方式，为国内在线教育转型升级创新的过程出自己一份应有的贡献，推动国内在线教育的向上发展。',2,1),(5525,7,'首页_师资力量','师资力量','/template/templet1/首页_师资力量.html','TEACHERS STRENGTH',3,1),(5526,7,'首页_新闻资讯','新闻资讯','/template/templet1/首页_新闻资讯.html','NEWS INFORMATION',4,1),(5527,7,'公共尾部','公共尾部','/template/templet1/公共尾部.html',NULL,6,1);